[2026-07-19 07:12:47] --- Bat dau khoi dong AI stream ---
[2026-07-19 07:13:19] Webcam bat thanh cong. Size: 640x480
[2026-07-19 07:13:19] Mo archive moi: D:\lehuynhthuan\bida_ai_system\archive\ban1_0713.mp4
[2026-07-19 07:13:19] Da xoa archive cu: ban1_0018.mp4
[2026-07-19 07:13:19] Loi xoa archive cu: [WinError 32] The process cannot access the file because it is being used by another process: 'D:\\lehuynhthuan\\bida_ai_system\\archive\\ban1_0713.mp4'
[2026-07-19 07:14:00] Da dong archive phut: 0713
[2026-07-19 07:14:00] Mo archive moi: D:\lehuynhthuan\bida_ai_system\archive\ban1_0714.mp4
[2026-07-19 07:14:00] Da xoa archive cu: ban1_0713.mp4
[2026-07-19 07:14:00] Loi xoa archive cu: [WinError 32] The process cannot access the file because it is being used by another process: 'D:\\lehuynhthuan\\bida_ai_system\\archive\\ban1_0714.mp4'
[2026-07-19 07:15:00] Da dong archive phut: 0714
[2026-07-19 07:15:00] Mo archive moi: D:\lehuynhthuan\bida_ai_system\archive\ban1_0715.mp4
[2026-07-19 07:15:00] Da xoa archive cu: ban1_0714.mp4
[2026-07-19 07:15:00] Loi xoa archive cu: [WinError 32] The process cannot access the file because it is being used by another process: 'D:\\lehuynhthuan\\bida_ai_system\\archive\\ban1_0715.mp4'
[2026-07-19 07:16:00] Da dong archive phut: 0715
[2026-07-19 07:16:00] Mo archive moi: D:\lehuynhthuan\bida_ai_system\archive\ban1_0716.mp4
[2026-07-19 07:16:00] Da xoa archive cu: ban1_0715.mp4
[2026-07-19 07:16:00] Loi xoa archive cu: [WinError 32] The process cannot access the file because it is being used by another process: 'D:\\lehuynhthuan\\bida_ai_system\\archive\\ban1_0716.mp4'
[2026-07-19 07:17:00] Da dong archive phut: 0716
[2026-07-19 07:17:00] Mo archive moi: D:\lehuynhthuan\bida_ai_system\archive\ban1_0717.mp4
[2026-07-19 07:17:00] Da xoa archive cu: ban1_0716.mp4
[2026-07-19 07:17:00] Loi xoa archive cu: [WinError 32] The process cannot access the file because it is being used by another process: 'D:\\lehuynhthuan\\bida_ai_system\\archive\\ban1_0717.mp4'
[2026-07-19 07:18:00] Da dong archive phut: 0717
[2026-07-19 07:18:00] Mo archive moi: D:\lehuynhthuan\bida_ai_system\archive\ban1_0718.mp4
[2026-07-19 07:18:00] Da xoa archive cu: ban1_0717.mp4
[2026-07-19 07:18:00] Loi xoa archive cu: [WinError 32] The process cannot access the file because it is being used by another process: 'D:\\lehuynhthuan\\bida_ai_system\\archive\\ban1_0718.mp4'
[2026-07-19 07:19:00] Da dong archive phut: 0718
[2026-07-19 07:19:00] Mo archive moi: D:\lehuynhthuan\bida_ai_system\archive\ban1_0719.mp4
[2026-07-19 07:19:00] Da xoa archive cu: ban1_0718.mp4
[2026-07-19 07:19:00] Loi xoa archive cu: [WinError 32] The process cannot access the file because it is being used by another process: 'D:\\lehuynhthuan\\bida_ai_system\\archive\\ban1_0719.mp4'
[2026-07-19 07:20:00] Da dong archive phut: 0719
[2026-07-19 07:20:00] Mo archive moi: D:\lehuynhthuan\bida_ai_system\archive\ban1_0720.mp4
[2026-07-19 07:20:00] Da xoa archive cu: ban1_0719.mp4
[2026-07-19 07:20:00] Loi xoa archive cu: [WinError 32] The process cannot access the file because it is being used by another process: 'D:\\lehuynhthuan\\bida_ai_system\\archive\\ban1_0720.mp4'
[2026-07-19 07:21:00] Da dong archive phut: 0720
[2026-07-19 07:21:00] Mo archive moi: D:\lehuynhthuan\bida_ai_system\archive\ban1_0721.mp4
[2026-07-19 07:21:00] Da xoa archive cu: ban1_0720.mp4
[2026-07-19 07:21:00] Loi xoa archive cu: [WinError 32] The process cannot access the file because it is being used by another process: 'D:\\lehuynhthuan\\bida_ai_system\\archive\\ban1_0721.mp4'
[2026-07-19 07:21:30] --- Bat dau khoi dong AI stream ---
[2026-07-19 07:21:54] Webcam bat thanh cong. Size: 640x480
[2026-07-19 07:21:54] Mo archive moi: D:\lehuynhthuan\bida_ai_system\archive\ban1_0721.mp4
[2026-07-19 07:21:54] Loi xoa archive cu: [WinError 32] The process cannot access the file because it is being used by another process: 'D:\\lehuynhthuan\\bida_ai_system\\archive\\ban1_0721.mp4'
[2026-07-19 07:22:00] Da dong archive phut: 0721
[2026-07-19 07:22:00] Mo archive moi: D:\lehuynhthuan\bida_ai_system\archive\ban1_0722.mp4
[2026-07-19 07:22:00] Da xoa archive cu: ban1_0721.mp4
[2026-07-19 07:22:00] Loi xoa archive cu: [WinError 32] The process cannot access the file because it is being used by another process: 'D:\\lehuynhthuan\\bida_ai_system\\archive\\ban1_0722.mp4'
[2026-07-19 07:23:00] Da dong archive phut: 0722
[2026-07-19 07:23:00] Mo archive moi: D:\lehuynhthuan\bida_ai_system\archive\ban1_0723.mp4
[2026-07-19 07:23:00] Da xoa archive cu: ban1_0722.mp4
[2026-07-19 07:23:00] Loi xoa archive cu: [WinError 32] The process cannot access the file because it is being used by another process: 'D:\\lehuynhthuan\\bida_ai_system\\archive\\ban1_0723.mp4'
[2026-07-19 07:24:00] Da dong archive phut: 0723
[2026-07-19 07:24:00] Mo archive moi: D:\lehuynhthuan\bida_ai_system\archive\ban1_0724.mp4
[2026-07-19 07:24:00] Da xoa archive cu: ban1_0723.mp4
[2026-07-19 07:24:00] Loi xoa archive cu: [WinError 32] The process cannot access the file because it is being used by another process: 'D:\\lehuynhthuan\\bida_ai_system\\archive\\ban1_0724.mp4'
[2026-07-19 07:25:00] Da dong archive phut: 0724
[2026-07-19 07:25:00] Mo archive moi: D:\lehuynhthuan\bida_ai_system\archive\ban1_0725.mp4
[2026-07-19 07:25:00] Da xoa archive cu: ban1_0724.mp4
[2026-07-19 07:25:00] Loi xoa archive cu: [WinError 32] The process cannot access the file because it is being used by another process: 'D:\\lehuynhthuan\\bida_ai_system\\archive\\ban1_0725.mp4'
[2026-07-19 07:26:00] Da dong archive phut: 0725
[2026-07-19 07:26:00] Mo archive moi: D:\lehuynhthuan\bida_ai_system\archive\ban1_0726.mp4
[2026-07-19 07:26:00] Da xoa archive cu: ban1_0725.mp4
[2026-07-19 07:26:00] Loi xoa archive cu: [WinError 32] The process cannot access the file because it is being used by another process: 'D:\\lehuynhthuan\\bida_ai_system\\archive\\ban1_0726.mp4'
[2026-07-19 07:27:00] Da dong archive phut: 0726
[2026-07-19 07:27:00] Mo archive moi: D:\lehuynhthuan\bida_ai_system\archive\ban1_0727.mp4
[2026-07-19 07:27:00] Da xoa archive cu: ban1_0726.mp4
[2026-07-19 07:27:00] Loi xoa archive cu: [WinError 32] The process cannot access the file because it is being used by another process: 'D:\\lehuynhthuan\\bida_ai_system\\archive\\ban1_0727.mp4'
[2026-07-19 07:27:40] --- Bat dau khoi dong AI stream ---
[2026-07-19 07:28:01] Webcam bat thanh cong. Size: 640x480
[2026-07-19 07:28:01] Mo archive moi: D:\lehuynhthuan\bida_ai_system\archive\ban1_0728.mp4
[2026-07-19 07:28:01] Da xoa archive cu: ban1_0727.mp4
[2026-07-19 07:28:01] Loi xoa archive cu: [WinError 32] The process cannot access the file because it is being used by another process: 'D:\\lehuynhthuan\\bida_ai_system\\archive\\ban1_0728.mp4'
[2026-07-19 07:29:00] Da dong archive phut: 0728
[2026-07-19 07:29:00] Mo archive moi: D:\lehuynhthuan\bida_ai_system\archive\ban1_0729.mp4
[2026-07-19 07:29:00] Da xoa archive cu: ban1_0728.mp4
[2026-07-19 07:29:00] Loi xoa archive cu: [WinError 32] The process cannot access the file because it is being used by another process: 'D:\\lehuynhthuan\\bida_ai_system\\archive\\ban1_0729.mp4'
[2026-07-19 07:30:00] Da dong archive phut: 0729
[2026-07-19 07:30:00] Mo archive moi: D:\lehuynhthuan\bida_ai_system\archive\ban1_0730.mp4
[2026-07-19 07:30:00] Da xoa archive cu: ban1_0729.mp4
[2026-07-19 07:30:00] Loi xoa archive cu: [WinError 32] The process cannot access the file because it is being used by another process: 'D:\\lehuynhthuan\\bida_ai_system\\archive\\ban1_0730.mp4'
[2026-07-19 07:31:00] Da dong archive phut: 0730
[2026-07-19 07:31:00] Mo archive moi: D:\lehuynhthuan\bida_ai_system\archive\ban1_0731.mp4
[2026-07-19 07:31:00] Da xoa archive cu: ban1_0730.mp4
[2026-07-19 07:31:00] Loi xoa archive cu: [WinError 32] The process cannot access the file because it is being used by another process: 'D:\\lehuynhthuan\\bida_ai_system\\archive\\ban1_0731.mp4'
[2026-07-19 07:32:00] Da dong archive phut: 0731
[2026-07-19 07:32:00] Mo archive moi: D:\lehuynhthuan\bida_ai_system\archive\ban1_0732.mp4
[2026-07-19 07:32:00] Da xoa archive cu: ban1_0731.mp4
[2026-07-19 07:32:00] Loi xoa archive cu: [WinError 32] The process cannot access the file because it is being used by another process: 'D:\\lehuynhthuan\\bida_ai_system\\archive\\ban1_0732.mp4'
[2026-07-19 07:33:00] Da dong archive phut: 0732
[2026-07-19 07:33:00] Mo archive moi: D:\lehuynhthuan\bida_ai_system\archive\ban1_0733.mp4
[2026-07-19 07:33:00] Da xoa archive cu: ban1_0732.mp4
[2026-07-19 07:33:00] Loi xoa archive cu: [WinError 32] The process cannot access the file because it is being used by another process: 'D:\\lehuynhthuan\\bida_ai_system\\archive\\ban1_0733.mp4'
[2026-07-19 07:34:00] Da dong archive phut: 0733
[2026-07-19 07:34:00] Mo archive moi: D:\lehuynhthuan\bida_ai_system\archive\ban1_0734.mp4
[2026-07-19 07:34:00] Da xoa archive cu: ban1_0733.mp4
[2026-07-19 07:34:00] Loi xoa archive cu: [WinError 32] The process cannot access the file because it is being used by another process: 'D:\\lehuynhthuan\\bida_ai_system\\archive\\ban1_0734.mp4'
[2026-07-19 07:35:00] Da dong archive phut: 0734
[2026-07-19 07:35:00] Mo archive moi: D:\lehuynhthuan\bida_ai_system\archive\ban1_0735.mp4
[2026-07-19 07:35:00] Da xoa archive cu: ban1_0734.mp4
[2026-07-19 07:35:00] Loi xoa archive cu: [WinError 32] The process cannot access the file because it is being used by another process: 'D:\\lehuynhthuan\\bida_ai_system\\archive\\ban1_0735.mp4'
[2026-07-19 07:36:00] Da dong archive phut: 0735
[2026-07-19 07:36:00] Mo archive moi: D:\lehuynhthuan\bida_ai_system\archive\ban1_0736.mp4
[2026-07-19 07:36:00] Da xoa archive cu: ban1_0735.mp4
[2026-07-19 07:36:00] Loi xoa archive cu: [WinError 32] The process cannot access the file because it is being used by another process: 'D:\\lehuynhthuan\\bida_ai_system\\archive\\ban1_0736.mp4'
[2026-07-19 07:36:53] --- Bat dau khoi dong AI stream ---
[2026-07-19 07:37:00] Da dong archive phut: 0736
[2026-07-19 07:37:00] Mo archive moi: D:\lehuynhthuan\bida_ai_system\archive\ban1_0737.mp4
[2026-07-19 07:37:00] Da xoa archive cu: ban1_0736.mp4
[2026-07-19 07:37:00] Loi xoa archive cu: [WinError 32] The process cannot access the file because it is being used by another process: 'D:\\lehuynhthuan\\bida_ai_system\\archive\\ban1_0737.mp4'
[2026-07-19 07:37:17] Loi: Khong the doc tu camera
[2026-07-19 07:37:23] --- Bat dau khoi dong AI stream ---
[2026-07-19 07:37:49] Loi: Khong the doc tu camera
[2026-07-19 07:37:53] --- Bat dau khoi dong AI stream ---
[2026-07-19 07:38:21] --- Bat dau khoi dong AI stream ---
[2026-07-19 07:38:46] Webcam bat thanh cong. Size: 640x480
[2026-07-19 07:38:46] Mo archive moi: D:\lehuynhthuan\bida_ai_system\archive\ban1_0738.mp4
[2026-07-19 07:38:46] Da xoa archive cu: ban1_0737.mp4
[2026-07-19 07:38:46] Loi xoa archive cu: [WinError 32] The process cannot access the file because it is being used by another process: 'D:\\lehuynhthuan\\bida_ai_system\\archive\\ban1_0738.mp4'
[2026-07-19 07:39:00] Da dong archive phut: 0738
[2026-07-19 07:39:00] Mo archive moi: D:\lehuynhthuan\bida_ai_system\archive\ban1_0739.mp4
[2026-07-19 07:39:00] Da xoa archive cu: ban1_0738.mp4
[2026-07-19 07:39:00] Loi xoa archive cu: [WinError 32] The process cannot access the file because it is being used by another process: 'D:\\lehuynhthuan\\bida_ai_system\\archive\\ban1_0739.mp4'
[2026-07-19 07:40:00] Da dong archive phut: 0739
[2026-07-19 07:40:00] Mo archive moi: D:\lehuynhthuan\bida_ai_system\archive\ban1_0740.mp4
[2026-07-19 07:40:00] Da xoa archive cu: ban1_0739.mp4
[2026-07-19 07:40:00] Loi xoa archive cu: [WinError 32] The process cannot access the file because it is being used by another process: 'D:\\lehuynhthuan\\bida_ai_system\\archive\\ban1_0740.mp4'
[2026-07-19 07:41:00] Da dong archive phut: 0740
[2026-07-19 07:41:00] Mo archive moi: D:\lehuynhthuan\bida_ai_system\archive\ban1_0741.mp4
[2026-07-19 07:41:00] Da xoa archive cu: ban1_0740.mp4
[2026-07-19 07:41:00] Loi xoa archive cu: [WinError 32] The process cannot access the file because it is being used by another process: 'D:\\lehuynhthuan\\bida_ai_system\\archive\\ban1_0741.mp4'
[2026-07-19 07:42:05] --- Bat dau khoi dong AI stream ---
[2026-07-19 07:42:28] Webcam bat thanh cong. Size: 640x480
[2026-07-19 07:42:28] Mo archive moi: D:\lehuynhthuan\bida_ai_system\archive\ban1_0742.mp4
[2026-07-19 07:42:28] Da xoa archive cu: ban1_0741.mp4
[2026-07-19 07:42:28] Loi xoa archive cu: [WinError 32] The process cannot access the file because it is being used by another process: 'D:\\lehuynhthuan\\bida_ai_system\\archive\\ban1_0742.mp4'
[2026-07-19 07:43:00] Da dong archive phut: 0742
[2026-07-19 07:43:00] Mo archive moi: D:\lehuynhthuan\bida_ai_system\archive\ban1_0743.mp4
[2026-07-19 07:43:00] Da xoa archive cu: ban1_0742.mp4
[2026-07-19 07:43:00] Loi xoa archive cu: [WinError 32] The process cannot access the file because it is being used by another process: 'D:\\lehuynhthuan\\bida_ai_system\\archive\\ban1_0743.mp4'
[2026-07-19 07:44:00] Da dong archive phut: 0743
[2026-07-19 07:44:00] Mo archive moi: D:\lehuynhthuan\bida_ai_system\archive\ban1_0744.mp4
[2026-07-19 07:44:00] Da xoa archive cu: ban1_0743.mp4
[2026-07-19 07:44:00] Loi xoa archive cu: [WinError 32] The process cannot access the file because it is being used by another process: 'D:\\lehuynhthuan\\bida_ai_system\\archive\\ban1_0744.mp4'
[2026-07-19 07:45:00] Da dong archive phut: 0744
[2026-07-19 07:45:00] Mo archive moi: D:\lehuynhthuan\bida_ai_system\archive\ban1_0745.mp4
[2026-07-19 07:45:00] Da xoa archive cu: ban1_0744.mp4
[2026-07-19 07:45:00] Loi xoa archive cu: [WinError 32] The process cannot access the file because it is being used by another process: 'D:\\lehuynhthuan\\bida_ai_system\\archive\\ban1_0745.mp4'
[2026-07-19 07:46:00] Da dong archive phut: 0745
[2026-07-19 07:46:00] Mo archive moi: D:\lehuynhthuan\bida_ai_system\archive\ban1_0746.mp4
[2026-07-19 07:46:00] Da xoa archive cu: ban1_0745.mp4
[2026-07-19 07:46:00] Loi xoa archive cu: [WinError 32] The process cannot access the file because it is being used by another process: 'D:\\lehuynhthuan\\bida_ai_system\\archive\\ban1_0746.mp4'
[2026-07-19 07:47:00] Da dong archive phut: 0746
[2026-07-19 07:47:00] Mo archive moi: D:\lehuynhthuan\bida_ai_system\archive\ban1_0747.mp4
[2026-07-19 07:47:00] Da xoa archive cu: ban1_0746.mp4
[2026-07-19 07:47:00] Loi xoa archive cu: [WinError 32] The process cannot access the file because it is being used by another process: 'D:\\lehuynhthuan\\bida_ai_system\\archive\\ban1_0747.mp4'
[2026-07-19 07:48:00] Da dong archive phut: 0747
[2026-07-19 07:48:00] Mo archive moi: D:\lehuynhthuan\bida_ai_system\archive\ban1_0748.mp4
[2026-07-19 07:48:00] Da xoa archive cu: ban1_0747.mp4
[2026-07-19 07:48:00] Loi xoa archive cu: [WinError 32] The process cannot access the file because it is being used by another process: 'D:\\lehuynhthuan\\bida_ai_system\\archive\\ban1_0748.mp4'
[2026-07-19 07:49:00] Da dong archive phut: 0748
[2026-07-19 07:49:00] Mo archive moi: D:\lehuynhthuan\bida_ai_system\archive\ban1_0749.mp4
[2026-07-19 07:49:00] Da xoa archive cu: ban1_0748.mp4
[2026-07-19 07:49:00] Loi xoa archive cu: [WinError 32] The process cannot access the file because it is being used by another process: 'D:\\lehuynhthuan\\bida_ai_system\\archive\\ban1_0749.mp4'
[2026-07-19 07:50:00] Da dong archive phut: 0749
[2026-07-19 07:50:00] Mo archive moi: D:\lehuynhthuan\bida_ai_system\archive\ban1_0750.mp4
[2026-07-19 07:50:00] Da xoa archive cu: ban1_0749.mp4
[2026-07-19 07:50:00] Loi xoa archive cu: [WinError 32] The process cannot access the file because it is being used by another process: 'D:\\lehuynhthuan\\bida_ai_system\\archive\\ban1_0750.mp4'
[2026-07-19 07:51:00] Da dong archive phut: 0750
[2026-07-19 07:51:00] Mo archive moi: D:\lehuynhthuan\bida_ai_system\archive\ban1_0751.mp4
[2026-07-19 07:51:00] Da xoa archive cu: ban1_0750.mp4
[2026-07-19 07:51:00] Loi xoa archive cu: [WinError 32] The process cannot access the file because it is being used by another process: 'D:\\lehuynhthuan\\bida_ai_system\\archive\\ban1_0751.mp4'
[2026-07-19 07:52:00] Da dong archive phut: 0751
[2026-07-19 07:52:00] Mo archive moi: D:\lehuynhthuan\bida_ai_system\archive\ban1_0752.mp4
[2026-07-19 07:52:00] Da xoa archive cu: ban1_0751.mp4
[2026-07-19 07:52:00] Loi xoa archive cu: [WinError 32] The process cannot access the file because it is being used by another process: 'D:\\lehuynhthuan\\bida_ai_system\\archive\\ban1_0752.mp4'
[2026-07-19 07:53:00] Da dong archive phut: 0752
[2026-07-19 07:53:00] Mo archive moi: D:\lehuynhthuan\bida_ai_system\archive\ban1_0753.mp4
[2026-07-19 07:53:00] Da xoa archive cu: ban1_0752.mp4
[2026-07-19 07:53:00] Loi xoa archive cu: [WinError 32] The process cannot access the file because it is being used by another process: 'D:\\lehuynhthuan\\bida_ai_system\\archive\\ban1_0753.mp4'
[2026-07-19 07:54:00] Da dong archive phut: 0753
[2026-07-19 07:54:00] Mo archive moi: D:\lehuynhthuan\bida_ai_system\archive\ban1_0754.mp4
[2026-07-19 07:54:00] Da xoa archive cu: ban1_0753.mp4
[2026-07-19 07:54:00] Loi xoa archive cu: [WinError 32] The process cannot access the file because it is being used by another process: 'D:\\lehuynhthuan\\bida_ai_system\\archive\\ban1_0754.mp4'
[2026-07-19 07:55:00] Da dong archive phut: 0754
[2026-07-19 07:55:00] Mo archive moi: D:\lehuynhthuan\bida_ai_system\archive\ban1_0755.mp4
[2026-07-19 07:55:00] Da xoa archive cu: ban1_0754.mp4
[2026-07-19 07:55:00] Loi xoa archive cu: [WinError 32] The process cannot access the file because it is being used by another process: 'D:\\lehuynhthuan\\bida_ai_system\\archive\\ban1_0755.mp4'
[2026-07-19 07:56:00] Da dong archive phut: 0755
[2026-07-19 07:56:00] Mo archive moi: D:\lehuynhthuan\bida_ai_system\archive\ban1_0756.mp4
[2026-07-19 07:56:00] Da xoa archive cu: ban1_0755.mp4
[2026-07-19 07:56:00] Loi xoa archive cu: [WinError 32] The process cannot access the file because it is being used by another process: 'D:\\lehuynhthuan\\bida_ai_system\\archive\\ban1_0756.mp4'
[2026-07-19 07:57:00] Da dong archive phut: 0756
[2026-07-19 07:57:00] Mo archive moi: D:\lehuynhthuan\bida_ai_system\archive\ban1_0757.mp4
[2026-07-19 07:57:00] Da xoa archive cu: ban1_0756.mp4
[2026-07-19 07:57:00] Loi xoa archive cu: [WinError 32] The process cannot access the file because it is being used by another process: 'D:\\lehuynhthuan\\bida_ai_system\\archive\\ban1_0757.mp4'
[2026-07-19 07:58:00] Da dong archive phut: 0757
[2026-07-19 07:58:00] Mo archive moi: D:\lehuynhthuan\bida_ai_system\archive\ban1_0758.mp4
[2026-07-19 07:58:00] Da xoa archive cu: ban1_0757.mp4
[2026-07-19 07:58:00] Loi xoa archive cu: [WinError 32] The process cannot access the file because it is being used by another process: 'D:\\lehuynhthuan\\bida_ai_system\\archive\\ban1_0758.mp4'
[2026-07-19 07:59:00] Da dong archive phut: 0758
[2026-07-19 07:59:00] Mo archive moi: D:\lehuynhthuan\bida_ai_system\archive\ban1_0759.mp4
[2026-07-19 07:59:00] Da xoa archive cu: ban1_0758.mp4
[2026-07-19 07:59:00] Loi xoa archive cu: [WinError 32] The process cannot access the file because it is being used by another process: 'D:\\lehuynhthuan\\bida_ai_system\\archive\\ban1_0759.mp4'
[2026-07-19 08:00:00] Da dong archive phut: 0759
[2026-07-19 08:00:00] Mo archive moi: D:\lehuynhthuan\bida_ai_system\archive\ban1_0800.mp4
[2026-07-19 08:00:00] Da xoa archive cu: ban1_0759.mp4
[2026-07-19 08:00:00] Loi xoa archive cu: [WinError 32] The process cannot access the file because it is being used by another process: 'D:\\lehuynhthuan\\bida_ai_system\\archive\\ban1_0800.mp4'
[2026-07-19 08:01:00] Da dong archive phut: 0800
[2026-07-19 08:01:00] Mo archive moi: D:\lehuynhthuan\bida_ai_system\archive\ban1_0801.mp4
[2026-07-19 08:01:00] Da xoa archive cu: ban1_0800.mp4
[2026-07-19 08:01:00] Loi xoa archive cu: [WinError 32] The process cannot access the file because it is being used by another process: 'D:\\lehuynhthuan\\bida_ai_system\\archive\\ban1_0801.mp4'
[2026-07-19 08:02:00] Da dong archive phut: 0801
[2026-07-19 08:02:00] Mo archive moi: D:\lehuynhthuan\bida_ai_system\archive\ban1_0802.mp4
[2026-07-19 08:02:00] Da xoa archive cu: ban1_0801.mp4
[2026-07-19 08:02:00] Loi xoa archive cu: [WinError 32] The process cannot access the file because it is being used by another process: 'D:\\lehuynhthuan\\bida_ai_system\\archive\\ban1_0802.mp4'
[2026-07-19 08:03:00] Da dong archive phut: 0802
[2026-07-19 08:03:00] Mo archive moi: D:\lehuynhthuan\bida_ai_system\archive\ban1_0803.mp4
[2026-07-19 08:03:00] Da xoa archive cu: ban1_0802.mp4
[2026-07-19 08:03:00] Loi xoa archive cu: [WinError 32] The process cannot access the file because it is being used by another process: 'D:\\lehuynhthuan\\bida_ai_system\\archive\\ban1_0803.mp4'
[2026-07-19 08:04:00] Da dong archive phut: 0803
[2026-07-19 08:04:00] Mo archive moi: D:\lehuynhthuan\bida_ai_system\archive\ban1_0804.mp4
[2026-07-19 08:04:00] Da xoa archive cu: ban1_0803.mp4
[2026-07-19 08:04:00] Loi xoa archive cu: [WinError 32] The process cannot access the file because it is being used by another process: 'D:\\lehuynhthuan\\bida_ai_system\\archive\\ban1_0804.mp4'
[2026-07-19 08:05:00] Da dong archive phut: 0804
[2026-07-19 08:05:00] Mo archive moi: D:\lehuynhthuan\bida_ai_system\archive\ban1_0805.mp4
[2026-07-19 08:05:00] Da xoa archive cu: ban1_0804.mp4
[2026-07-19 08:05:00] Loi xoa archive cu: [WinError 32] The process cannot access the file because it is being used by another process: 'D:\\lehuynhthuan\\bida_ai_system\\archive\\ban1_0805.mp4'
[2026-07-19 08:06:00] Da dong archive phut: 0805
[2026-07-19 08:06:00] Mo archive moi: D:\lehuynhthuan\bida_ai_system\archive\ban1_0806.mp4
[2026-07-19 08:06:00] Da xoa archive cu: ban1_0805.mp4
[2026-07-19 08:06:00] Loi xoa archive cu: [WinError 32] The process cannot access the file because it is being used by another process: 'D:\\lehuynhthuan\\bida_ai_system\\archive\\ban1_0806.mp4'
[2026-07-19 08:07:00] Da dong archive phut: 0806
[2026-07-19 08:07:00] Mo archive moi: D:\lehuynhthuan\bida_ai_system\archive\ban1_0807.mp4
[2026-07-19 08:07:00] Da xoa archive cu: ban1_0806.mp4
[2026-07-19 08:07:00] Loi xoa archive cu: [WinError 32] The process cannot access the file because it is being used by another process: 'D:\\lehuynhthuan\\bida_ai_system\\archive\\ban1_0807.mp4'
[2026-07-19 08:08:00] Da dong archive phut: 0807
[2026-07-19 08:08:00] Mo archive moi: D:\lehuynhthuan\bida_ai_system\archive\ban1_0808.mp4
[2026-07-19 08:08:00] Da xoa archive cu: ban1_0807.mp4
[2026-07-19 08:08:00] Loi xoa archive cu: [WinError 32] The process cannot access the file because it is being used by another process: 'D:\\lehuynhthuan\\bida_ai_system\\archive\\ban1_0808.mp4'
[2026-07-19 08:09:00] Da dong archive phut: 0808
[2026-07-19 08:09:00] Mo archive moi: D:\lehuynhthuan\bida_ai_system\archive\ban1_0809.mp4
[2026-07-19 08:09:00] Da xoa archive cu: ban1_0808.mp4
[2026-07-19 08:09:00] Loi xoa archive cu: [WinError 32] The process cannot access the file because it is being used by another process: 'D:\\lehuynhthuan\\bida_ai_system\\archive\\ban1_0809.mp4'
[2026-07-19 08:10:00] Da dong archive phut: 0809
[2026-07-19 08:10:00] Mo archive moi: D:\lehuynhthuan\bida_ai_system\archive\ban1_0810.mp4
[2026-07-19 08:10:00] Da xoa archive cu: ban1_0809.mp4
[2026-07-19 08:10:00] Loi xoa archive cu: [WinError 32] The process cannot access the file because it is being used by another process: 'D:\\lehuynhthuan\\bida_ai_system\\archive\\ban1_0810.mp4'
[2026-07-19 08:11:00] Da dong archive phut: 0810
[2026-07-19 08:11:00] Mo archive moi: D:\lehuynhthuan\bida_ai_system\archive\ban1_0811.mp4
[2026-07-19 08:11:00] Da xoa archive cu: ban1_0810.mp4
[2026-07-19 08:11:00] Loi xoa archive cu: [WinError 32] The process cannot access the file because it is being used by another process: 'D:\\lehuynhthuan\\bida_ai_system\\archive\\ban1_0811.mp4'
[2026-07-19 08:12:00] Da dong archive phut: 0811
[2026-07-19 08:12:00] Mo archive moi: D:\lehuynhthuan\bida_ai_system\archive\ban1_0812.mp4
[2026-07-19 08:12:00] Da xoa archive cu: ban1_0811.mp4
[2026-07-19 08:12:00] Loi xoa archive cu: [WinError 32] The process cannot access the file because it is being used by another process: 'D:\\lehuynhthuan\\bida_ai_system\\archive\\ban1_0812.mp4'
[2026-07-19 08:13:00] Da dong archive phut: 0812
[2026-07-19 08:13:00] Mo archive moi: D:\lehuynhthuan\bida_ai_system\archive\ban1_0813.mp4
[2026-07-19 08:13:00] Da xoa archive cu: ban1_0812.mp4
[2026-07-19 08:13:00] Loi xoa archive cu: [WinError 32] The process cannot access the file because it is being used by another process: 'D:\\lehuynhthuan\\bida_ai_system\\archive\\ban1_0813.mp4'
[2026-07-19 08:14:00] Da dong archive phut: 0813
[2026-07-19 08:14:00] Mo archive moi: D:\lehuynhthuan\bida_ai_system\archive\ban1_0814.mp4
[2026-07-19 08:14:00] Da xoa archive cu: ban1_0813.mp4
[2026-07-19 08:14:00] Loi xoa archive cu: [WinError 32] The process cannot access the file because it is being used by another process: 'D:\\lehuynhthuan\\bida_ai_system\\archive\\ban1_0814.mp4'
[2026-07-19 08:15:00] Da dong archive phut: 0814
[2026-07-19 08:15:00] Mo archive moi: D:\lehuynhthuan\bida_ai_system\archive\ban1_0815.mp4
[2026-07-19 08:15:00] Da xoa archive cu: ban1_0814.mp4
[2026-07-19 08:15:00] Loi xoa archive cu: [WinError 32] The process cannot access the file because it is being used by another process: 'D:\\lehuynhthuan\\bida_ai_system\\archive\\ban1_0815.mp4'
[2026-07-19 08:16:00] Da dong archive phut: 0815
[2026-07-19 08:16:00] Mo archive moi: D:\lehuynhthuan\bida_ai_system\archive\ban1_0816.mp4
[2026-07-19 08:16:00] Da xoa archive cu: ban1_0815.mp4
[2026-07-19 08:16:00] Loi xoa archive cu: [WinError 32] The process cannot access the file because it is being used by another process: 'D:\\lehuynhthuan\\bida_ai_system\\archive\\ban1_0816.mp4'
[2026-07-19 08:17:00] Da dong archive phut: 0816
[2026-07-19 08:17:00] Mo archive moi: D:\lehuynhthuan\bida_ai_system\archive\ban1_0817.mp4
[2026-07-19 08:17:00] Da xoa archive cu: ban1_0816.mp4
[2026-07-19 08:17:00] Loi xoa archive cu: [WinError 32] The process cannot access the file because it is being used by another process: 'D:\\lehuynhthuan\\bida_ai_system\\archive\\ban1_0817.mp4'
[2026-07-19 08:18:00] Da dong archive phut: 0817
[2026-07-19 08:18:00] Mo archive moi: D:\lehuynhthuan\bida_ai_system\archive\ban1_0818.mp4
[2026-07-19 08:18:00] Da xoa archive cu: ban1_0817.mp4
[2026-07-19 08:18:00] Loi xoa archive cu: [WinError 32] The process cannot access the file because it is being used by another process: 'D:\\lehuynhthuan\\bida_ai_system\\archive\\ban1_0818.mp4'
[2026-07-19 08:19:00] Da dong archive phut: 0818
[2026-07-19 08:19:00] Mo archive moi: D:\lehuynhthuan\bida_ai_system\archive\ban1_0819.mp4
[2026-07-19 08:19:00] Da xoa archive cu: ban1_0818.mp4
[2026-07-19 08:19:00] Loi xoa archive cu: [WinError 32] The process cannot access the file because it is being used by another process: 'D:\\lehuynhthuan\\bida_ai_system\\archive\\ban1_0819.mp4'
[2026-07-19 08:20:00] Da dong archive phut: 0819
[2026-07-19 08:20:00] Mo archive moi: D:\lehuynhthuan\bida_ai_system\archive\ban1_0820.mp4
[2026-07-19 08:20:00] Da xoa archive cu: ban1_0819.mp4
[2026-07-19 08:20:00] Loi xoa archive cu: [WinError 32] The process cannot access the file because it is being used by another process: 'D:\\lehuynhthuan\\bida_ai_system\\archive\\ban1_0820.mp4'
[2026-07-19 08:21:00] Da dong archive phut: 0820
[2026-07-19 08:21:00] Mo archive moi: D:\lehuynhthuan\bida_ai_system\archive\ban1_0821.mp4
[2026-07-19 08:21:00] Da xoa archive cu: ban1_0820.mp4
[2026-07-19 08:21:00] Loi xoa archive cu: [WinError 32] The process cannot access the file because it is being used by another process: 'D:\\lehuynhthuan\\bida_ai_system\\archive\\ban1_0821.mp4'
[2026-07-19 08:22:00] Da dong archive phut: 0821
[2026-07-19 08:22:00] Mo archive moi: D:\lehuynhthuan\bida_ai_system\archive\ban1_0822.mp4
[2026-07-19 08:22:00] Da xoa archive cu: ban1_0821.mp4
[2026-07-19 08:22:00] Loi xoa archive cu: [WinError 32] The process cannot access the file because it is being used by another process: 'D:\\lehuynhthuan\\bida_ai_system\\archive\\ban1_0822.mp4'
[2026-07-19 08:23:00] Da dong archive phut: 0822
[2026-07-19 08:23:00] Mo archive moi: D:\lehuynhthuan\bida_ai_system\archive\ban1_0823.mp4
[2026-07-19 08:23:00] Da xoa archive cu: ban1_0822.mp4
[2026-07-19 08:23:00] Loi xoa archive cu: [WinError 32] The process cannot access the file because it is being used by another process: 'D:\\lehuynhthuan\\bida_ai_system\\archive\\ban1_0823.mp4'
[2026-07-19 08:24:00] Da dong archive phut: 0823
[2026-07-19 08:24:00] Mo archive moi: D:\lehuynhthuan\bida_ai_system\archive\ban1_0824.mp4
[2026-07-19 08:24:00] Da xoa archive cu: ban1_0823.mp4
[2026-07-19 08:24:00] Loi xoa archive cu: [WinError 32] The process cannot access the file because it is being used by another process: 'D:\\lehuynhthuan\\bida_ai_system\\archive\\ban1_0824.mp4'
[2026-07-19 08:25:00] Da dong archive phut: 0824
[2026-07-19 08:25:00] Mo archive moi: D:\lehuynhthuan\bida_ai_system\archive\ban1_0825.mp4
[2026-07-19 08:25:00] Da xoa archive cu: ban1_0824.mp4
[2026-07-19 08:25:00] Loi xoa archive cu: [WinError 32] The process cannot access the file because it is being used by another process: 'D:\\lehuynhthuan\\bida_ai_system\\archive\\ban1_0825.mp4'
[2026-07-19 08:26:00] Da dong archive phut: 0825
[2026-07-19 08:26:00] Mo archive moi: D:\lehuynhthuan\bida_ai_system\archive\ban1_0826.mp4
[2026-07-19 08:26:00] Da xoa archive cu: ban1_0825.mp4
[2026-07-19 08:26:00] Loi xoa archive cu: [WinError 32] The process cannot access the file because it is being used by another process: 'D:\\lehuynhthuan\\bida_ai_system\\archive\\ban1_0826.mp4'
[2026-07-19 08:27:00] Da dong archive phut: 0826
[2026-07-19 08:27:00] Mo archive moi: D:\lehuynhthuan\bida_ai_system\archive\ban1_0827.mp4
[2026-07-19 08:27:00] Da xoa archive cu: ban1_0826.mp4
[2026-07-19 08:27:00] Loi xoa archive cu: [WinError 32] The process cannot access the file because it is being used by another process: 'D:\\lehuynhthuan\\bida_ai_system\\archive\\ban1_0827.mp4'
[2026-07-19 08:28:00] Da dong archive phut: 0827
[2026-07-19 08:28:00] Mo archive moi: D:\lehuynhthuan\bida_ai_system\archive\ban1_0828.mp4
[2026-07-19 08:28:00] Da xoa archive cu: ban1_0827.mp4
[2026-07-19 08:28:00] Loi xoa archive cu: [WinError 32] The process cannot access the file because it is being used by another process: 'D:\\lehuynhthuan\\bida_ai_system\\archive\\ban1_0828.mp4'
[2026-07-19 08:29:00] Da dong archive phut: 0828
[2026-07-19 08:29:00] Mo archive moi: D:\lehuynhthuan\bida_ai_system\archive\ban1_0829.mp4
[2026-07-19 08:29:00] Da xoa archive cu: ban1_0828.mp4
[2026-07-19 08:29:00] Loi xoa archive cu: [WinError 32] The process cannot access the file because it is being used by another process: 'D:\\lehuynhthuan\\bida_ai_system\\archive\\ban1_0829.mp4'
[2026-07-19 08:30:00] Da dong archive phut: 0829
[2026-07-19 08:30:00] Mo archive moi: D:\lehuynhthuan\bida_ai_system\archive\ban1_0830.mp4
[2026-07-19 08:30:00] Da xoa archive cu: ban1_0829.mp4
[2026-07-19 08:30:00] Loi xoa archive cu: [WinError 32] The process cannot access the file because it is being used by another process: 'D:\\lehuynhthuan\\bida_ai_system\\archive\\ban1_0830.mp4'
[2026-07-19 08:31:00] Da dong archive phut: 0830
[2026-07-19 08:31:00] Mo archive moi: D:\lehuynhthuan\bida_ai_system\archive\ban1_0831.mp4
[2026-07-19 08:31:00] Da xoa archive cu: ban1_0830.mp4
[2026-07-19 08:31:00] Loi xoa archive cu: [WinError 32] The process cannot access the file because it is being used by another process: 'D:\\lehuynhthuan\\bida_ai_system\\archive\\ban1_0831.mp4'
[2026-07-19 08:32:00] Da dong archive phut: 0831
[2026-07-19 08:32:00] Mo archive moi: D:\lehuynhthuan\bida_ai_system\archive\ban1_0832.mp4
[2026-07-19 08:32:00] Da xoa archive cu: ban1_0831.mp4
[2026-07-19 08:32:00] Loi xoa archive cu: [WinError 32] The process cannot access the file because it is being used by another process: 'D:\\lehuynhthuan\\bida_ai_system\\archive\\ban1_0832.mp4'
[2026-07-19 08:33:00] Da dong archive phut: 0832
[2026-07-19 08:33:00] Mo archive moi: D:\lehuynhthuan\bida_ai_system\archive\ban1_0833.mp4
[2026-07-19 08:33:00] Da xoa archive cu: ban1_0832.mp4
[2026-07-19 08:33:00] Loi xoa archive cu: [WinError 32] The process cannot access the file because it is being used by another process: 'D:\\lehuynhthuan\\bida_ai_system\\archive\\ban1_0833.mp4'
[2026-07-21 08:17:57] --- Bat dau khoi dong AI stream ---
[2026-07-21 08:18:17] Webcam bat thanh cong. Size: 640x480
[2026-07-21 08:18:17] Mo archive moi: D:\lehuynhthuan\bida_ai_system\archive\ban1_0818.mp4
[2026-07-21 08:18:17] Loi xoa archive cu: [WinError 32] The process cannot access the file because it is being used by another process: 'D:\\lehuynhthuan\\bida_ai_system\\archive\\ban1_0818.mp4'
[2026-07-21 08:19:00] Da dong archive phut: 0818
[2026-07-21 08:19:00] Mo archive moi: D:\lehuynhthuan\bida_ai_system\archive\ban1_0819.mp4
[2026-07-21 08:19:00] Da xoa archive cu: ban1_0818.mp4
[2026-07-21 08:19:00] Loi xoa archive cu: [WinError 32] The process cannot access the file because it is being used by another process: 'D:\\lehuynhthuan\\bida_ai_system\\archive\\ban1_0819.mp4'
[2026-07-21 08:20:00] Da dong archive phut: 0819
[2026-07-21 08:20:00] Mo archive moi: D:\lehuynhthuan\bida_ai_system\archive\ban1_0820.mp4
[2026-07-21 08:20:00] Da xoa archive cu: ban1_0819.mp4
[2026-07-21 08:20:00] Loi xoa archive cu: [WinError 32] The process cannot access the file because it is being used by another process: 'D:\\lehuynhthuan\\bida_ai_system\\archive\\ban1_0820.mp4'
[2026-07-21 08:21:00] Da dong archive phut: 0820
[2026-07-21 08:21:00] Mo archive moi: D:\lehuynhthuan\bida_ai_system\archive\ban1_0821.mp4
[2026-07-21 08:21:00] Da xoa archive cu: ban1_0820.mp4
[2026-07-21 08:21:00] Loi xoa archive cu: [WinError 32] The process cannot access the file because it is being used by another process: 'D:\\lehuynhthuan\\bida_ai_system\\archive\\ban1_0821.mp4'
[2026-07-21 08:22:00] Da dong archive phut: 0821
[2026-07-21 08:22:00] Mo archive moi: D:\lehuynhthuan\bida_ai_system\archive\ban1_0822.mp4
[2026-07-21 08:22:00] Da xoa archive cu: ban1_0821.mp4
[2026-07-21 08:22:00] Loi xoa archive cu: [WinError 32] The process cannot access the file because it is being used by another process: 'D:\\lehuynhthuan\\bida_ai_system\\archive\\ban1_0822.mp4'
[2026-07-21 08:23:00] Da dong archive phut: 0822
[2026-07-21 08:23:00] Mo archive moi: D:\lehuynhthuan\bida_ai_system\archive\ban1_0823.mp4
[2026-07-21 08:23:00] Da xoa archive cu: ban1_0822.mp4
[2026-07-21 08:23:00] Loi xoa archive cu: [WinError 32] The process cannot access the file because it is being used by another process: 'D:\\lehuynhthuan\\bida_ai_system\\archive\\ban1_0823.mp4'
[2026-07-21 08:24:00] Da dong archive phut: 0823
[2026-07-21 08:24:00] Mo archive moi: D:\lehuynhthuan\bida_ai_system\archive\ban1_0824.mp4
[2026-07-21 08:24:00] Da xoa archive cu: ban1_0823.mp4
[2026-07-21 08:24:00] Loi xoa archive cu: [WinError 32] The process cannot access the file because it is being used by another process: 'D:\\lehuynhthuan\\bida_ai_system\\archive\\ban1_0824.mp4'
[2026-07-21 08:25:00] Da dong archive phut: 0824
[2026-07-21 08:25:00] Mo archive moi: D:\lehuynhthuan\bida_ai_system\archive\ban1_0825.mp4
[2026-07-21 08:25:00] Da xoa archive cu: ban1_0824.mp4
[2026-07-21 08:25:00] Loi xoa archive cu: [WinError 32] The process cannot access the file because it is being used by another process: 'D:\\lehuynhthuan\\bida_ai_system\\archive\\ban1_0825.mp4'
[2026-07-21 08:26:00] Da dong archive phut: 0825
[2026-07-21 08:26:00] Mo archive moi: D:\lehuynhthuan\bida_ai_system\archive\ban1_0826.mp4
[2026-07-21 08:26:00] Da xoa archive cu: ban1_0825.mp4
[2026-07-21 08:26:00] Loi xoa archive cu: [WinError 32] The process cannot access the file because it is being used by another process: 'D:\\lehuynhthuan\\bida_ai_system\\archive\\ban1_0826.mp4'
[2026-07-21 08:27:00] Da dong archive phut: 0826
[2026-07-21 08:27:00] Mo archive moi: D:\lehuynhthuan\bida_ai_system\archive\ban1_0827.mp4
[2026-07-21 08:27:00] Da xoa archive cu: ban1_0826.mp4
[2026-07-21 08:27:00] Loi xoa archive cu: [WinError 32] The process cannot access the file because it is being used by another process: 'D:\\lehuynhthuan\\bida_ai_system\\archive\\ban1_0827.mp4'
[2026-07-21 08:28:00] Da dong archive phut: 0827
[2026-07-21 08:28:00] Mo archive moi: D:\lehuynhthuan\bida_ai_system\archive\ban1_0828.mp4
[2026-07-21 08:28:00] Da xoa archive cu: ban1_0827.mp4
[2026-07-21 08:28:00] Loi xoa archive cu: [WinError 32] The process cannot access the file because it is being used by another process: 'D:\\lehuynhthuan\\bida_ai_system\\archive\\ban1_0828.mp4'
[2026-07-21 08:29:00] Da dong archive phut: 0828
[2026-07-21 08:29:00] Mo archive moi: D:\lehuynhthuan\bida_ai_system\archive\ban1_0829.mp4
[2026-07-21 08:29:00] Da xoa archive cu: ban1_0828.mp4
[2026-07-21 08:29:00] Loi xoa archive cu: [WinError 32] The process cannot access the file because it is being used by another process: 'D:\\lehuynhthuan\\bida_ai_system\\archive\\ban1_0829.mp4'
[2026-07-21 08:30:00] Da dong archive phut: 0829
[2026-07-21 08:30:00] Mo archive moi: D:\lehuynhthuan\bida_ai_system\archive\ban1_0830.mp4
[2026-07-21 08:30:00] Da xoa archive cu: ban1_0829.mp4
[2026-07-21 08:30:00] Loi xoa archive cu: [WinError 32] The process cannot access the file because it is being used by another process: 'D:\\lehuynhthuan\\bida_ai_system\\archive\\ban1_0830.mp4'
[2026-07-21 08:31:00] Da dong archive phut: 0830
[2026-07-21 08:31:00] Mo archive moi: D:\lehuynhthuan\bida_ai_system\archive\ban1_0831.mp4
[2026-07-21 08:31:00] Da xoa archive cu: ban1_0830.mp4
[2026-07-21 08:31:00] Loi xoa archive cu: [WinError 32] The process cannot access the file because it is being used by another process: 'D:\\lehuynhthuan\\bida_ai_system\\archive\\ban1_0831.mp4'
[2026-07-21 08:32:00] Da dong archive phut: 0831
[2026-07-21 08:32:00] Mo archive moi: D:\lehuynhthuan\bida_ai_system\archive\ban1_0832.mp4
[2026-07-21 08:32:00] Da xoa archive cu: ban1_0831.mp4
[2026-07-21 08:32:00] Loi xoa archive cu: [WinError 32] The process cannot access the file because it is being used by another process: 'D:\\lehuynhthuan\\bida_ai_system\\archive\\ban1_0832.mp4'
[2026-07-21 08:33:00] Da dong archive phut: 0832
[2026-07-21 08:33:00] Mo archive moi: D:\lehuynhthuan\bida_ai_system\archive\ban1_0833.mp4
[2026-07-21 08:33:00] Da xoa archive cu: ban1_0832.mp4
[2026-07-21 08:33:00] Loi xoa archive cu: [WinError 32] The process cannot access the file because it is being used by another process: 'D:\\lehuynhthuan\\bida_ai_system\\archive\\ban1_0833.mp4'
[2026-07-21 08:34:00] Da dong archive phut: 0833
[2026-07-21 08:34:00] Mo archive moi: D:\lehuynhthuan\bida_ai_system\archive\ban1_0834.mp4
[2026-07-21 08:34:00] Da xoa archive cu: ban1_0833.mp4
[2026-07-21 08:34:00] Loi xoa archive cu: [WinError 32] The process cannot access the file because it is being used by another process: 'D:\\lehuynhthuan\\bida_ai_system\\archive\\ban1_0834.mp4'
[2026-07-21 08:35:00] Da dong archive phut: 0834
[2026-07-21 08:35:00] Mo archive moi: D:\lehuynhthuan\bida_ai_system\archive\ban1_0835.mp4
[2026-07-21 08:35:00] Da xoa archive cu: ban1_0834.mp4
[2026-07-21 08:35:00] Loi xoa archive cu: [WinError 32] The process cannot access the file because it is being used by another process: 'D:\\lehuynhthuan\\bida_ai_system\\archive\\ban1_0835.mp4'
[2026-07-21 08:36:00] Da dong archive phut: 0835
[2026-07-21 08:36:00] Mo archive moi: D:\lehuynhthuan\bida_ai_system\archive\ban1_0836.mp4
[2026-07-21 08:36:00] Da xoa archive cu: ban1_0835.mp4
[2026-07-21 08:36:00] Loi xoa archive cu: [WinError 32] The process cannot access the file because it is being used by another process: 'D:\\lehuynhthuan\\bida_ai_system\\archive\\ban1_0836.mp4'
[2026-07-21 08:37:00] Da dong archive phut: 0836
[2026-07-21 08:37:00] Mo archive moi: D:\lehuynhthuan\bida_ai_system\archive\ban1_0837.mp4
[2026-07-21 08:37:00] Da xoa archive cu: ban1_0836.mp4
[2026-07-21 08:37:00] Loi xoa archive cu: [WinError 32] The process cannot access the file because it is being used by another process: 'D:\\lehuynhthuan\\bida_ai_system\\archive\\ban1_0837.mp4'
[2026-07-21 08:38:00] Da dong archive phut: 0837
[2026-07-21 08:38:00] Mo archive moi: D:\lehuynhthuan\bida_ai_system\archive\ban1_0838.mp4
[2026-07-21 08:38:00] Da xoa archive cu: ban1_0837.mp4
[2026-07-21 08:38:00] Loi xoa archive cu: [WinError 32] The process cannot access the file because it is being used by another process: 'D:\\lehuynhthuan\\bida_ai_system\\archive\\ban1_0838.mp4'
[2026-07-21 08:39:00] Da dong archive phut: 0838
[2026-07-21 08:39:00] Mo archive moi: D:\lehuynhthuan\bida_ai_system\archive\ban1_0839.mp4
[2026-07-21 08:39:00] Da xoa archive cu: ban1_0838.mp4
[2026-07-21 08:39:00] Loi xoa archive cu: [WinError 32] The process cannot access the file because it is being used by another process: 'D:\\lehuynhthuan\\bida_ai_system\\archive\\ban1_0839.mp4'
[2026-07-21 08:40:00] Da dong archive phut: 0839
[2026-07-21 08:40:00] Mo archive moi: D:\lehuynhthuan\bida_ai_system\archive\ban1_0840.mp4
[2026-07-21 08:40:00] Da xoa archive cu: ban1_0839.mp4
[2026-07-21 08:40:00] Loi xoa archive cu: [WinError 32] The process cannot access the file because it is being used by another process: 'D:\\lehuynhthuan\\bida_ai_system\\archive\\ban1_0840.mp4'
[2026-07-21 08:41:00] Da dong archive phut: 0840
[2026-07-21 08:41:00] Mo archive moi: D:\lehuynhthuan\bida_ai_system\archive\ban1_0841.mp4
[2026-07-21 08:41:00] Da xoa archive cu: ban1_0840.mp4
[2026-07-21 08:41:00] Loi xoa archive cu: [WinError 32] The process cannot access the file because it is being used by another process: 'D:\\lehuynhthuan\\bida_ai_system\\archive\\ban1_0841.mp4'
[2026-07-21 08:42:00] Da dong archive phut: 0841
[2026-07-21 08:42:00] Mo archive moi: D:\lehuynhthuan\bida_ai_system\archive\ban1_0842.mp4
[2026-07-21 08:42:00] Da xoa archive cu: ban1_0841.mp4
[2026-07-21 08:42:00] Loi xoa archive cu: [WinError 32] The process cannot access the file because it is being used by another process: 'D:\\lehuynhthuan\\bida_ai_system\\archive\\ban1_0842.mp4'
[2026-07-21 08:43:00] Da dong archive phut: 0842
[2026-07-21 08:43:00] Mo archive moi: D:\lehuynhthuan\bida_ai_system\archive\ban1_0843.mp4
[2026-07-21 08:43:00] Da xoa archive cu: ban1_0842.mp4
[2026-07-21 08:43:00] Loi xoa archive cu: [WinError 32] The process cannot access the file because it is being used by another process: 'D:\\lehuynhthuan\\bida_ai_system\\archive\\ban1_0843.mp4'
[2026-07-21 08:44:00] Da dong archive phut: 0843
[2026-07-21 08:44:00] Mo archive moi: D:\lehuynhthuan\bida_ai_system\archive\ban1_0844.mp4
[2026-07-21 08:44:00] Da xoa archive cu: ban1_0843.mp4
[2026-07-21 08:44:00] Loi xoa archive cu: [WinError 32] The process cannot access the file because it is being used by another process: 'D:\\lehuynhthuan\\bida_ai_system\\archive\\ban1_0844.mp4'
[2026-07-21 08:45:00] Da dong archive phut: 0844
[2026-07-21 08:45:00] Mo archive moi: D:\lehuynhthuan\bida_ai_system\archive\ban1_0845.mp4
[2026-07-21 08:45:00] Da xoa archive cu: ban1_0844.mp4
[2026-07-21 08:45:00] Loi xoa archive cu: [WinError 32] The process cannot access the file because it is being used by another process: 'D:\\lehuynhthuan\\bida_ai_system\\archive\\ban1_0845.mp4'
[2026-07-21 08:46:00] Da dong archive phut: 0845
[2026-07-21 08:46:00] Mo archive moi: D:\lehuynhthuan\bida_ai_system\archive\ban1_0846.mp4
[2026-07-21 08:46:00] Da xoa archive cu: ban1_0845.mp4
[2026-07-21 08:46:00] Loi xoa archive cu: [WinError 32] The process cannot access the file because it is being used by another process: 'D:\\lehuynhthuan\\bida_ai_system\\archive\\ban1_0846.mp4'
[2026-07-21 08:47:00] Da dong archive phut: 0846
[2026-07-21 08:47:00] Mo archive moi: D:\lehuynhthuan\bida_ai_system\archive\ban1_0847.mp4
[2026-07-21 08:47:00] Da xoa archive cu: ban1_0846.mp4
[2026-07-21 08:47:00] Loi xoa archive cu: [WinError 32] The process cannot access the file because it is being used by another process: 'D:\\lehuynhthuan\\bida_ai_system\\archive\\ban1_0847.mp4'
[2026-07-21 08:48:00] Da dong archive phut: 0847
[2026-07-21 08:48:00] Mo archive moi: D:\lehuynhthuan\bida_ai_system\archive\ban1_0848.mp4
[2026-07-21 08:48:00] Da xoa archive cu: ban1_0847.mp4
[2026-07-21 08:48:00] Loi xoa archive cu: [WinError 32] The process cannot access the file because it is being used by another process: 'D:\\lehuynhthuan\\bida_ai_system\\archive\\ban1_0848.mp4'
[2026-07-21 08:49:00] Da dong archive phut: 0848
[2026-07-21 08:49:00] Mo archive moi: D:\lehuynhthuan\bida_ai_system\archive\ban1_0849.mp4
[2026-07-21 08:49:00] Da xoa archive cu: ban1_0848.mp4
[2026-07-21 08:49:00] Loi xoa archive cu: [WinError 32] The process cannot access the file because it is being used by another process: 'D:\\lehuynhthuan\\bida_ai_system\\archive\\ban1_0849.mp4'
[2026-07-21 08:50:00] Da dong archive phut: 0849
[2026-07-21 08:50:00] Mo archive moi: D:\lehuynhthuan\bida_ai_system\archive\ban1_0850.mp4
[2026-07-21 08:50:00] Da xoa archive cu: ban1_0849.mp4
[2026-07-21 08:50:00] Loi xoa archive cu: [WinError 32] The process cannot access the file because it is being used by another process: 'D:\\lehuynhthuan\\bida_ai_system\\archive\\ban1_0850.mp4'
[2026-07-21 08:50:50] --- Bat dau khoi dong AI stream ---
[2026-07-21 08:51:16] Webcam bat thanh cong. Size: 640x480
[2026-07-21 08:51:16] Mo archive moi: D:\lehuynhthuan\bida_ai_system\archive\ban1_0851.mp4
[2026-07-21 08:51:16] Da xoa archive cu: ban1_0850.mp4
[2026-07-21 08:51:16] Loi xoa archive cu: [WinError 32] The process cannot access the file because it is being used by another process: 'D:\\lehuynhthuan\\bida_ai_system\\archive\\ban1_0851.mp4'
[2026-07-21 08:52:00] Da dong archive phut: 0851
[2026-07-21 08:52:00] Mo archive moi: D:\lehuynhthuan\bida_ai_system\archive\ban1_0852.mp4
[2026-07-21 08:52:00] Da xoa archive cu: ban1_0851.mp4
[2026-07-21 08:52:00] Loi xoa archive cu: [WinError 32] The process cannot access the file because it is being used by another process: 'D:\\lehuynhthuan\\bida_ai_system\\archive\\ban1_0852.mp4'
[2026-07-21 08:53:00] Da dong archive phut: 0852
[2026-07-21 08:53:00] Mo archive moi: D:\lehuynhthuan\bida_ai_system\archive\ban1_0853.mp4
[2026-07-21 08:53:00] Da xoa archive cu: ban1_0852.mp4
[2026-07-21 08:53:00] Loi xoa archive cu: [WinError 32] The process cannot access the file because it is being used by another process: 'D:\\lehuynhthuan\\bida_ai_system\\archive\\ban1_0853.mp4'
[2026-07-21 08:54:00] Da dong archive phut: 0853
[2026-07-21 08:54:00] Mo archive moi: D:\lehuynhthuan\bida_ai_system\archive\ban1_0854.mp4
[2026-07-21 08:54:00] Da xoa archive cu: ban1_0853.mp4
[2026-07-21 08:54:00] Loi xoa archive cu: [WinError 32] The process cannot access the file because it is being used by another process: 'D:\\lehuynhthuan\\bida_ai_system\\archive\\ban1_0854.mp4'
[2026-07-21 08:55:00] Da dong archive phut: 0854
[2026-07-21 08:55:00] Mo archive moi: D:\lehuynhthuan\bida_ai_system\archive\ban1_0855.mp4
[2026-07-21 08:55:00] Da xoa archive cu: ban1_0854.mp4
[2026-07-21 08:55:00] Loi xoa archive cu: [WinError 32] The process cannot access the file because it is being used by another process: 'D:\\lehuynhthuan\\bida_ai_system\\archive\\ban1_0855.mp4'
[2026-07-21 08:56:00] Da dong archive phut: 0855
[2026-07-21 08:56:00] Mo archive moi: D:\lehuynhthuan\bida_ai_system\archive\ban1_0856.mp4
[2026-07-21 08:56:00] Da xoa archive cu: ban1_0855.mp4
[2026-07-21 08:56:00] Loi xoa archive cu: [WinError 32] The process cannot access the file because it is being used by another process: 'D:\\lehuynhthuan\\bida_ai_system\\archive\\ban1_0856.mp4'
[2026-07-21 08:57:00] Da dong archive phut: 0856
[2026-07-21 08:57:00] Mo archive moi: D:\lehuynhthuan\bida_ai_system\archive\ban1_0857.mp4
[2026-07-21 08:57:00] Da xoa archive cu: ban1_0856.mp4
[2026-07-21 08:57:00] Loi xoa archive cu: [WinError 32] The process cannot access the file because it is being used by another process: 'D:\\lehuynhthuan\\bida_ai_system\\archive\\ban1_0857.mp4'
[2026-07-21 08:58:00] Da dong archive phut: 0857
[2026-07-21 08:58:00] Mo archive moi: D:\lehuynhthuan\bida_ai_system\archive\ban1_0858.mp4
[2026-07-21 08:58:00] Da xoa archive cu: ban1_0857.mp4
[2026-07-21 08:58:00] Loi xoa archive cu: [WinError 32] The process cannot access the file because it is being used by another process: 'D:\\lehuynhthuan\\bida_ai_system\\archive\\ban1_0858.mp4'
[2026-07-21 08:59:00] Da dong archive phut: 0858
[2026-07-21 08:59:00] Mo archive moi: D:\lehuynhthuan\bida_ai_system\archive\ban1_0859.mp4
[2026-07-21 08:59:00] Da xoa archive cu: ban1_0858.mp4
[2026-07-21 08:59:00] Loi xoa archive cu: [WinError 32] The process cannot access the file because it is being used by another process: 'D:\\lehuynhthuan\\bida_ai_system\\archive\\ban1_0859.mp4'
[2026-07-21 09:00:00] Da dong archive phut: 0859
[2026-07-21 09:00:00] Mo archive moi: D:\lehuynhthuan\bida_ai_system\archive\ban1_0900.mp4
[2026-07-21 09:00:00] Da xoa archive cu: ban1_0859.mp4
[2026-07-21 09:00:00] Loi xoa archive cu: [WinError 32] The process cannot access the file because it is being used by another process: 'D:\\lehuynhthuan\\bida_ai_system\\archive\\ban1_0900.mp4'
[2026-07-21 09:01:00] Da dong archive phut: 0900
[2026-07-21 09:01:00] Mo archive moi: D:\lehuynhthuan\bida_ai_system\archive\ban1_0901.mp4
[2026-07-21 09:01:00] Da xoa archive cu: ban1_0900.mp4
[2026-07-21 09:01:00] Loi xoa archive cu: [WinError 32] The process cannot access the file because it is being used by another process: 'D:\\lehuynhthuan\\bida_ai_system\\archive\\ban1_0901.mp4'
[2026-07-21 09:02:00] Da dong archive phut: 0901
[2026-07-21 09:02:00] Mo archive moi: D:\lehuynhthuan\bida_ai_system\archive\ban1_0902.mp4
[2026-07-21 09:02:00] Da xoa archive cu: ban1_0901.mp4
[2026-07-21 09:02:00] Loi xoa archive cu: [WinError 32] The process cannot access the file because it is being used by another process: 'D:\\lehuynhthuan\\bida_ai_system\\archive\\ban1_0902.mp4'
[2026-07-21 09:03:00] Da dong archive phut: 0902
[2026-07-21 09:03:00] Mo archive moi: D:\lehuynhthuan\bida_ai_system\archive\ban1_0903.mp4
[2026-07-21 09:03:00] Da xoa archive cu: ban1_0902.mp4
[2026-07-21 09:03:00] Loi xoa archive cu: [WinError 32] The process cannot access the file because it is being used by another process: 'D:\\lehuynhthuan\\bida_ai_system\\archive\\ban1_0903.mp4'
[2026-07-21 09:04:00] Da dong archive phut: 0903
[2026-07-21 09:04:00] Mo archive moi: D:\lehuynhthuan\bida_ai_system\archive\ban1_0904.mp4
[2026-07-21 09:04:00] Da xoa archive cu: ban1_0903.mp4
[2026-07-21 09:04:00] Loi xoa archive cu: [WinError 32] The process cannot access the file because it is being used by another process: 'D:\\lehuynhthuan\\bida_ai_system\\archive\\ban1_0904.mp4'
[2026-07-21 09:05:00] Da dong archive phut: 0904
[2026-07-21 09:05:00] Mo archive moi: D:\lehuynhthuan\bida_ai_system\archive\ban1_0905.mp4
[2026-07-21 09:05:00] Da xoa archive cu: ban1_0904.mp4
[2026-07-21 09:05:00] Loi xoa archive cu: [WinError 32] The process cannot access the file because it is being used by another process: 'D:\\lehuynhthuan\\bida_ai_system\\archive\\ban1_0905.mp4'
[2026-07-21 09:06:00] Da dong archive phut: 0905
[2026-07-21 09:06:00] Mo archive moi: D:\lehuynhthuan\bida_ai_system\archive\ban1_0906.mp4
[2026-07-21 09:06:00] Da xoa archive cu: ban1_0905.mp4
[2026-07-21 09:06:00] Loi xoa archive cu: [WinError 32] The process cannot access the file because it is being used by another process: 'D:\\lehuynhthuan\\bida_ai_system\\archive\\ban1_0906.mp4'
[2026-07-21 09:07:00] Da dong archive phut: 0906
[2026-07-21 09:07:00] Mo archive moi: D:\lehuynhthuan\bida_ai_system\archive\ban1_0907.mp4
[2026-07-21 09:07:00] Da xoa archive cu: ban1_0906.mp4
[2026-07-21 09:07:00] Loi xoa archive cu: [WinError 32] The process cannot access the file because it is being used by another process: 'D:\\lehuynhthuan\\bida_ai_system\\archive\\ban1_0907.mp4'
[2026-07-21 09:08:00] Da dong archive phut: 0907
[2026-07-21 09:08:00] Mo archive moi: D:\lehuynhthuan\bida_ai_system\archive\ban1_0908.mp4
[2026-07-21 09:08:00] Da xoa archive cu: ban1_0907.mp4
[2026-07-21 09:08:00] Loi xoa archive cu: [WinError 32] The process cannot access the file because it is being used by another process: 'D:\\lehuynhthuan\\bida_ai_system\\archive\\ban1_0908.mp4'
[2026-07-21 09:09:00] Da dong archive phut: 0908
[2026-07-21 09:09:00] Mo archive moi: D:\lehuynhthuan\bida_ai_system\archive\ban1_0909.mp4
[2026-07-21 09:09:00] Da xoa archive cu: ban1_0908.mp4
[2026-07-21 09:09:00] Loi xoa archive cu: [WinError 32] The process cannot access the file because it is being used by another process: 'D:\\lehuynhthuan\\bida_ai_system\\archive\\ban1_0909.mp4'
[2026-07-21 09:10:00] Da dong archive phut: 0909
[2026-07-21 09:10:00] Mo archive moi: D:\lehuynhthuan\bida_ai_system\archive\ban1_0910.mp4
[2026-07-21 09:10:00] Da xoa archive cu: ban1_0909.mp4
[2026-07-21 09:10:00] Loi xoa archive cu: [WinError 32] The process cannot access the file because it is being used by another process: 'D:\\lehuynhthuan\\bida_ai_system\\archive\\ban1_0910.mp4'
[2026-07-21 09:11:00] Da dong archive phut: 0910
[2026-07-21 09:11:00] Mo archive moi: D:\lehuynhthuan\bida_ai_system\archive\ban1_0911.mp4
[2026-07-21 09:11:00] Da xoa archive cu: ban1_0910.mp4
[2026-07-21 09:11:00] Loi xoa archive cu: [WinError 32] The process cannot access the file because it is being used by another process: 'D:\\lehuynhthuan\\bida_ai_system\\archive\\ban1_0911.mp4'
[2026-07-21 09:12:00] Da dong archive phut: 0911
[2026-07-21 09:12:00] Mo archive moi: D:\lehuynhthuan\bida_ai_system\archive\ban1_0912.mp4
[2026-07-21 09:12:00] Da xoa archive cu: ban1_0911.mp4
[2026-07-21 09:12:00] Loi xoa archive cu: [WinError 32] The process cannot access the file because it is being used by another process: 'D:\\lehuynhthuan\\bida_ai_system\\archive\\ban1_0912.mp4'
[2026-07-21 09:13:00] Da dong archive phut: 0912
[2026-07-21 09:13:00] Mo archive moi: D:\lehuynhthuan\bida_ai_system\archive\ban1_0913.mp4
[2026-07-21 09:13:00] Da xoa archive cu: ban1_0912.mp4
[2026-07-21 09:13:00] Loi xoa archive cu: [WinError 32] The process cannot access the file because it is being used by another process: 'D:\\lehuynhthuan\\bida_ai_system\\archive\\ban1_0913.mp4'
[2026-07-21 09:14:00] Da dong archive phut: 0913
[2026-07-21 09:14:00] Mo archive moi: D:\lehuynhthuan\bida_ai_system\archive\ban1_0914.mp4
[2026-07-21 09:14:00] Da xoa archive cu: ban1_0913.mp4
[2026-07-21 09:14:00] Loi xoa archive cu: [WinError 32] The process cannot access the file because it is being used by another process: 'D:\\lehuynhthuan\\bida_ai_system\\archive\\ban1_0914.mp4'
[2026-07-21 09:15:00] Da dong archive phut: 0914
[2026-07-21 09:15:00] Mo archive moi: D:\lehuynhthuan\bida_ai_system\archive\ban1_0915.mp4
[2026-07-21 09:15:00] Da xoa archive cu: ban1_0914.mp4
[2026-07-21 09:15:00] Loi xoa archive cu: [WinError 32] The process cannot access the file because it is being used by another process: 'D:\\lehuynhthuan\\bida_ai_system\\archive\\ban1_0915.mp4'
[2026-07-21 09:16:00] Da dong archive phut: 0915
[2026-07-21 09:16:00] Mo archive moi: D:\lehuynhthuan\bida_ai_system\archive\ban1_0916.mp4
[2026-07-21 09:16:00] Da xoa archive cu: ban1_0915.mp4
[2026-07-21 09:16:00] Loi xoa archive cu: [WinError 32] The process cannot access the file because it is being used by another process: 'D:\\lehuynhthuan\\bida_ai_system\\archive\\ban1_0916.mp4'
[2026-07-21 09:17:00] Da dong archive phut: 0916
[2026-07-21 09:17:00] Mo archive moi: D:\lehuynhthuan\bida_ai_system\archive\ban1_0917.mp4
[2026-07-21 09:17:00] Da xoa archive cu: ban1_0916.mp4
[2026-07-21 09:17:00] Loi xoa archive cu: [WinError 32] The process cannot access the file because it is being used by another process: 'D:\\lehuynhthuan\\bida_ai_system\\archive\\ban1_0917.mp4'
[2026-07-21 09:18:00] Da dong archive phut: 0917
[2026-07-21 09:18:00] Mo archive moi: D:\lehuynhthuan\bida_ai_system\archive\ban1_0918.mp4
[2026-07-21 09:18:00] Da xoa archive cu: ban1_0917.mp4
[2026-07-21 09:18:00] Loi xoa archive cu: [WinError 32] The process cannot access the file because it is being used by another process: 'D:\\lehuynhthuan\\bida_ai_system\\archive\\ban1_0918.mp4'
[2026-07-21 09:19:00] Da dong archive phut: 0918
[2026-07-21 09:19:00] Mo archive moi: D:\lehuynhthuan\bida_ai_system\archive\ban1_0919.mp4
[2026-07-21 09:19:00] Da xoa archive cu: ban1_0918.mp4
[2026-07-21 09:19:00] Loi xoa archive cu: [WinError 32] The process cannot access the file because it is being used by another process: 'D:\\lehuynhthuan\\bida_ai_system\\archive\\ban1_0919.mp4'
[2026-07-21 09:20:00] Da dong archive phut: 0919
[2026-07-21 09:20:00] Mo archive moi: D:\lehuynhthuan\bida_ai_system\archive\ban1_0920.mp4
[2026-07-21 09:20:00] Da xoa archive cu: ban1_0919.mp4
[2026-07-21 09:20:00] Loi xoa archive cu: [WinError 32] The process cannot access the file because it is being used by another process: 'D:\\lehuynhthuan\\bida_ai_system\\archive\\ban1_0920.mp4'
[2026-07-21 09:21:00] Da dong archive phut: 0920
[2026-07-21 09:21:00] Mo archive moi: D:\lehuynhthuan\bida_ai_system\archive\ban1_0921.mp4
[2026-07-21 09:21:00] Da xoa archive cu: ban1_0920.mp4
[2026-07-21 09:21:00] Loi xoa archive cu: [WinError 32] The process cannot access the file because it is being used by another process: 'D:\\lehuynhthuan\\bida_ai_system\\archive\\ban1_0921.mp4'
[2026-07-21 09:22:00] Da dong archive phut: 0921
[2026-07-21 09:22:00] Mo archive moi: D:\lehuynhthuan\bida_ai_system\archive\ban1_0922.mp4
[2026-07-21 09:22:00] Da xoa archive cu: ban1_0921.mp4
[2026-07-21 09:22:00] Loi xoa archive cu: [WinError 32] The process cannot access the file because it is being used by another process: 'D:\\lehuynhthuan\\bida_ai_system\\archive\\ban1_0922.mp4'
[2026-07-21 09:23:00] Da dong archive phut: 0922
[2026-07-21 09:23:00] Mo archive moi: D:\lehuynhthuan\bida_ai_system\archive\ban1_0923.mp4
[2026-07-21 09:23:00] Da xoa archive cu: ban1_0922.mp4
[2026-07-21 09:23:00] Loi xoa archive cu: [WinError 32] The process cannot access the file because it is being used by another process: 'D:\\lehuynhthuan\\bida_ai_system\\archive\\ban1_0923.mp4'
[2026-07-21 09:24:00] Da dong archive phut: 0923
[2026-07-21 09:24:00] Mo archive moi: D:\lehuynhthuan\bida_ai_system\archive\ban1_0924.mp4
[2026-07-21 09:24:00] Da xoa archive cu: ban1_0923.mp4
[2026-07-21 09:24:00] Loi xoa archive cu: [WinError 32] The process cannot access the file because it is being used by another process: 'D:\\lehuynhthuan\\bida_ai_system\\archive\\ban1_0924.mp4'
[2026-07-21 09:24:38] --- Bat dau khoi dong AI stream ---
[2026-07-21 09:25:01] Webcam bat thanh cong. Size: 640x480
[2026-07-21 09:25:01] Mo archive moi: D:\lehuynhthuan\bida_ai_system\archive\ban1_0925.mp4
[2026-07-21 09:25:01] Da xoa archive cu: ban1_0924.mp4
[2026-07-21 09:25:01] Loi xoa archive cu: [WinError 32] The process cannot access the file because it is being used by another process: 'D:\\lehuynhthuan\\bida_ai_system\\archive\\ban1_0925.mp4'
[2026-07-21 09:25:58] --- Bat dau khoi dong AI stream ---
[2026-07-21 09:26:20] Webcam bat thanh cong. Size: 640x480
[2026-07-21 09:26:20] Mo archive moi: D:\lehuynhthuan\bida_ai_system\archive\ban1_0926.mp4
[2026-07-21 09:26:20] Da xoa archive cu: ban1_0925.mp4
[2026-07-21 09:26:20] Loi xoa archive cu: [WinError 32] The process cannot access the file because it is being used by another process: 'D:\\lehuynhthuan\\bida_ai_system\\archive\\ban1_0926.mp4'
[2026-07-21 09:27:00] Da dong archive phut: 0926
[2026-07-21 09:27:00] Mo archive moi: D:\lehuynhthuan\bida_ai_system\archive\ban1_0927.mp4
[2026-07-21 09:27:00] Da xoa archive cu: ban1_0926.mp4
[2026-07-21 09:27:00] Loi xoa archive cu: [WinError 32] The process cannot access the file because it is being used by another process: 'D:\\lehuynhthuan\\bida_ai_system\\archive\\ban1_0927.mp4'
[2026-07-21 09:28:01] --- Bat dau khoi dong AI stream ---
[2026-07-21 09:28:22] Webcam bat thanh cong. Size: 640x480
[2026-07-21 09:28:22] Mo archive moi: D:\lehuynhthuan\bida_ai_system\archive\ban1_0928.mp4
[2026-07-21 09:28:22] Da xoa archive cu: ban1_0927.mp4
[2026-07-21 09:28:22] Loi xoa archive cu: [WinError 32] The process cannot access the file because it is being used by another process: 'D:\\lehuynhthuan\\bida_ai_system\\archive\\ban1_0928.mp4'
[2026-07-21 09:29:06] --- Bat dau khoi dong AI stream ---
[2026-07-21 09:29:27] Webcam bat thanh cong. Size: 640x480
[2026-07-21 09:29:27] Mo archive moi: D:\lehuynhthuan\bida_ai_system\archive\ban1_0929.mp4
[2026-07-21 09:29:27] Da xoa archive cu: ban1_0928.mp4
[2026-07-21 09:29:27] Loi xoa archive cu: [WinError 32] The process cannot access the file because it is being used by another process: 'D:\\lehuynhthuan\\bida_ai_system\\archive\\ban1_0929.mp4'
[2026-07-21 09:30:00] Da dong archive phut: 0929
[2026-07-21 09:30:00] Mo archive moi: D:\lehuynhthuan\bida_ai_system\archive\ban1_0930.mp4
[2026-07-21 09:30:00] Da xoa archive cu: ban1_0929.mp4
[2026-07-21 09:30:00] Loi xoa archive cu: [WinError 32] The process cannot access the file because it is being used by another process: 'D:\\lehuynhthuan\\bida_ai_system\\archive\\ban1_0930.mp4'
[2026-07-21 09:31:00] Da dong archive phut: 0930
[2026-07-21 09:31:00] Mo archive moi: D:\lehuynhthuan\bida_ai_system\archive\ban1_0931.mp4
[2026-07-21 09:31:00] Da xoa archive cu: ban1_0930.mp4
[2026-07-21 09:31:00] Loi xoa archive cu: [WinError 32] The process cannot access the file because it is being used by another process: 'D:\\lehuynhthuan\\bida_ai_system\\archive\\ban1_0931.mp4'
[2026-07-21 09:32:00] Da dong archive phut: 0931
[2026-07-21 09:32:00] Mo archive moi: D:\lehuynhthuan\bida_ai_system\archive\ban1_0932.mp4
[2026-07-21 09:32:00] Da xoa archive cu: ban1_0931.mp4
[2026-07-21 09:32:00] Loi xoa archive cu: [WinError 32] The process cannot access the file because it is being used by another process: 'D:\\lehuynhthuan\\bida_ai_system\\archive\\ban1_0932.mp4'
[2026-07-21 09:33:00] Da dong archive phut: 0932
[2026-07-21 09:33:00] Mo archive moi: D:\lehuynhthuan\bida_ai_system\archive\ban1_0933.mp4
[2026-07-21 09:33:00] Da xoa archive cu: ban1_0932.mp4
[2026-07-21 09:33:00] Loi xoa archive cu: [WinError 32] The process cannot access the file because it is being used by another process: 'D:\\lehuynhthuan\\bida_ai_system\\archive\\ban1_0933.mp4'
[2026-07-21 09:34:00] Da dong archive phut: 0933
[2026-07-21 09:34:00] Mo archive moi: D:\lehuynhthuan\bida_ai_system\archive\ban1_0934.mp4
[2026-07-21 09:34:00] Da xoa archive cu: ban1_0933.mp4
[2026-07-21 09:34:00] Loi xoa archive cu: [WinError 32] The process cannot access the file because it is being used by another process: 'D:\\lehuynhthuan\\bida_ai_system\\archive\\ban1_0934.mp4'
[2026-07-21 09:35:00] Da dong archive phut: 0934
[2026-07-21 09:35:00] Mo archive moi: D:\lehuynhthuan\bida_ai_system\archive\ban1_0935.mp4
[2026-07-21 09:35:00] Da xoa archive cu: ban1_0934.mp4
[2026-07-21 09:35:00] Loi xoa archive cu: [WinError 32] The process cannot access the file because it is being used by another process: 'D:\\lehuynhthuan\\bida_ai_system\\archive\\ban1_0935.mp4'
[2026-07-21 09:36:00] Da dong archive phut: 0935
[2026-07-21 09:36:00] Mo archive moi: D:\lehuynhthuan\bida_ai_system\archive\ban1_0936.mp4
[2026-07-21 09:36:00] Da xoa archive cu: ban1_0935.mp4
[2026-07-21 09:36:00] Loi xoa archive cu: [WinError 32] The process cannot access the file because it is being used by another process: 'D:\\lehuynhthuan\\bida_ai_system\\archive\\ban1_0936.mp4'
[2026-07-21 09:37:00] Da dong archive phut: 0936
[2026-07-21 09:37:00] Mo archive moi: D:\lehuynhthuan\bida_ai_system\archive\ban1_0937.mp4
[2026-07-21 09:37:00] Da xoa archive cu: ban1_0936.mp4
[2026-07-21 09:37:00] Loi xoa archive cu: [WinError 32] The process cannot access the file because it is being used by another process: 'D:\\lehuynhthuan\\bida_ai_system\\archive\\ban1_0937.mp4'
[2026-07-21 09:38:00] Da dong archive phut: 0937
[2026-07-21 09:38:00] Mo archive moi: D:\lehuynhthuan\bida_ai_system\archive\ban1_0938.mp4
[2026-07-21 09:38:00] Da xoa archive cu: ban1_0937.mp4
[2026-07-21 09:38:00] Loi xoa archive cu: [WinError 32] The process cannot access the file because it is being used by another process: 'D:\\lehuynhthuan\\bida_ai_system\\archive\\ban1_0938.mp4'
[2026-07-21 09:39:00] Da dong archive phut: 0938
[2026-07-21 09:39:00] Mo archive moi: D:\lehuynhthuan\bida_ai_system\archive\ban1_0939.mp4
[2026-07-21 09:39:00] Da xoa archive cu: ban1_0938.mp4
[2026-07-21 09:39:00] Loi xoa archive cu: [WinError 32] The process cannot access the file because it is being used by another process: 'D:\\lehuynhthuan\\bida_ai_system\\archive\\ban1_0939.mp4'
[2026-07-21 09:39:36] --- Bat dau khoi dong AI stream ---
[2026-07-21 09:39:59] Webcam bat thanh cong. Size: 640x480
[2026-07-21 09:39:59] Mo archive moi: D:\lehuynhthuan\bida_ai_system\archive\ban1_0939.mp4
[2026-07-21 09:39:59] Loi xoa archive cu: [WinError 32] The process cannot access the file because it is being used by another process: 'D:\\lehuynhthuan\\bida_ai_system\\archive\\ban1_0939.mp4'
[2026-07-21 09:40:00] Da dong archive phut: 0939
[2026-07-21 09:40:00] Mo archive moi: D:\lehuynhthuan\bida_ai_system\archive\ban1_0940.mp4
[2026-07-21 09:40:00] Da xoa archive cu: ban1_0939.mp4
[2026-07-21 09:40:00] Loi xoa archive cu: [WinError 32] The process cannot access the file because it is being used by another process: 'D:\\lehuynhthuan\\bida_ai_system\\archive\\ban1_0940.mp4'
[2026-07-21 09:41:00] Da dong archive phut: 0940
[2026-07-21 09:41:00] Mo archive moi: D:\lehuynhthuan\bida_ai_system\archive\ban1_0941.mp4
[2026-07-21 09:41:00] Da xoa archive cu: ban1_0940.mp4
[2026-07-21 09:41:00] Loi xoa archive cu: [WinError 32] The process cannot access the file because it is being used by another process: 'D:\\lehuynhthuan\\bida_ai_system\\archive\\ban1_0941.mp4'
[2026-07-21 09:42:00] Da dong archive phut: 0941
[2026-07-21 09:42:00] Mo archive moi: D:\lehuynhthuan\bida_ai_system\archive\ban1_0942.mp4
[2026-07-21 09:42:00] Da xoa archive cu: ban1_0941.mp4
[2026-07-21 09:42:00] Loi xoa archive cu: [WinError 32] The process cannot access the file because it is being used by another process: 'D:\\lehuynhthuan\\bida_ai_system\\archive\\ban1_0942.mp4'
[2026-07-21 09:43:00] Da dong archive phut: 0942
[2026-07-21 09:43:00] Mo archive moi: D:\lehuynhthuan\bida_ai_system\archive\ban1_0943.mp4
[2026-07-21 09:43:00] Da xoa archive cu: ban1_0942.mp4
[2026-07-21 09:43:00] Loi xoa archive cu: [WinError 32] The process cannot access the file because it is being used by another process: 'D:\\lehuynhthuan\\bida_ai_system\\archive\\ban1_0943.mp4'
[2026-07-21 09:44:00] Da dong archive phut: 0943
[2026-07-21 09:44:00] Mo archive moi: D:\lehuynhthuan\bida_ai_system\archive\ban1_0944.mp4
[2026-07-21 09:44:00] Da xoa archive cu: ban1_0943.mp4
[2026-07-21 09:44:00] Loi xoa archive cu: [WinError 32] The process cannot access the file because it is being used by another process: 'D:\\lehuynhthuan\\bida_ai_system\\archive\\ban1_0944.mp4'
[2026-07-21 09:44:31] --- Bat dau khoi dong AI stream ---
[2026-07-21 09:44:53] Webcam bat thanh cong. Size: 640x480
[2026-07-21 09:44:53] Mo archive moi: D:\lehuynhthuan\bida_ai_system\archive\ban1_0944.mp4
[2026-07-21 09:44:53] Loi xoa archive cu: [WinError 32] The process cannot access the file because it is being used by another process: 'D:\\lehuynhthuan\\bida_ai_system\\archive\\ban1_0944.mp4'
[2026-07-21 09:45:00] Da dong archive phut: 0944
[2026-07-21 09:45:00] Mo archive moi: D:\lehuynhthuan\bida_ai_system\archive\ban1_0945.mp4
[2026-07-21 09:45:00] Da xoa archive cu: ban1_0944.mp4
[2026-07-21 09:45:00] Loi xoa archive cu: [WinError 32] The process cannot access the file because it is being used by another process: 'D:\\lehuynhthuan\\bida_ai_system\\archive\\ban1_0945.mp4'
[2026-07-21 09:46:00] Da dong archive phut: 0945
[2026-07-21 09:46:00] Mo archive moi: D:\lehuynhthuan\bida_ai_system\archive\ban1_0946.mp4
[2026-07-21 09:46:00] Da xoa archive cu: ban1_0945.mp4
[2026-07-21 09:46:00] Loi xoa archive cu: [WinError 32] The process cannot access the file because it is being used by another process: 'D:\\lehuynhthuan\\bida_ai_system\\archive\\ban1_0946.mp4'
[2026-07-21 09:47:00] Da dong archive phut: 0946
[2026-07-21 09:47:00] Mo archive moi: D:\lehuynhthuan\bida_ai_system\archive\ban1_0947.mp4
[2026-07-21 09:47:00] Da xoa archive cu: ban1_0946.mp4
[2026-07-21 09:47:00] Loi xoa archive cu: [WinError 32] The process cannot access the file because it is being used by another process: 'D:\\lehuynhthuan\\bida_ai_system\\archive\\ban1_0947.mp4'
[2026-07-21 09:48:00] Da dong archive phut: 0947
[2026-07-21 09:48:00] Mo archive moi: D:\lehuynhthuan\bida_ai_system\archive\ban1_0948.mp4
[2026-07-21 09:48:00] Da xoa archive cu: ban1_0947.mp4
[2026-07-21 09:48:00] Loi xoa archive cu: [WinError 32] The process cannot access the file because it is being used by another process: 'D:\\lehuynhthuan\\bida_ai_system\\archive\\ban1_0948.mp4'
[2026-07-21 09:48:42] --- Bat dau khoi dong AI stream ---
[2026-07-21 09:48:53] --- Bat dau khoi dong AI stream ---
[2026-07-21 09:49:27] --- Bat dau khoi dong AI stream ---
[2026-07-21 09:49:49] Webcam bat thanh cong. Size: 640x480
[2026-07-21 09:49:49] Mo archive moi: D:\lehuynhthuan\bida_ai_system\archive\ban1_0949.mp4
[2026-07-21 09:49:49] Da xoa archive cu: ban1_0948.mp4
[2026-07-21 09:49:49] Loi xoa archive cu: [WinError 32] The process cannot access the file because it is being used by another process: 'D:\\lehuynhthuan\\bida_ai_system\\archive\\ban1_0949.mp4'
[2026-07-21 09:50:00] Da dong archive phut: 0949
[2026-07-21 09:50:00] Mo archive moi: D:\lehuynhthuan\bida_ai_system\archive\ban1_0950.mp4
[2026-07-21 09:50:00] Da xoa archive cu: ban1_0949.mp4
[2026-07-21 09:50:00] Loi xoa archive cu: [WinError 32] The process cannot access the file because it is being used by another process: 'D:\\lehuynhthuan\\bida_ai_system\\archive\\ban1_0950.mp4'
[2026-07-21 09:51:00] Da dong archive phut: 0950
[2026-07-21 09:51:00] Mo archive moi: D:\lehuynhthuan\bida_ai_system\archive\ban1_0951.mp4
[2026-07-21 09:51:00] Da xoa archive cu: ban1_0950.mp4
[2026-07-21 09:51:00] Loi xoa archive cu: [WinError 32] The process cannot access the file because it is being used by another process: 'D:\\lehuynhthuan\\bida_ai_system\\archive\\ban1_0951.mp4'
[2026-07-21 09:52:00] Da dong archive phut: 0951
[2026-07-21 09:52:00] Mo archive moi: D:\lehuynhthuan\bida_ai_system\archive\ban1_0952.mp4
[2026-07-21 09:52:00] Da xoa archive cu: ban1_0951.mp4
[2026-07-21 09:52:00] Loi xoa archive cu: [WinError 32] The process cannot access the file because it is being used by another process: 'D:\\lehuynhthuan\\bida_ai_system\\archive\\ban1_0952.mp4'
[2026-07-21 09:53:00] Da dong archive phut: 0952
[2026-07-21 09:53:00] Mo archive moi: D:\lehuynhthuan\bida_ai_system\archive\ban1_0953.mp4
[2026-07-21 09:53:00] Da xoa archive cu: ban1_0952.mp4
[2026-07-21 09:53:00] Loi xoa archive cu: [WinError 32] The process cannot access the file because it is being used by another process: 'D:\\lehuynhthuan\\bida_ai_system\\archive\\ban1_0953.mp4'
[2026-07-21 09:54:00] Da dong archive phut: 0953
[2026-07-21 09:54:00] Mo archive moi: D:\lehuynhthuan\bida_ai_system\archive\ban1_0954.mp4
[2026-07-21 09:54:00] Da xoa archive cu: ban1_0953.mp4
[2026-07-21 09:54:00] Loi xoa archive cu: [WinError 32] The process cannot access the file because it is being used by another process: 'D:\\lehuynhthuan\\bida_ai_system\\archive\\ban1_0954.mp4'
[2026-07-21 09:55:00] Da dong archive phut: 0954
[2026-07-21 09:55:00] Mo archive moi: D:\lehuynhthuan\bida_ai_system\archive\ban1_0955.mp4
[2026-07-21 09:55:00] Da xoa archive cu: ban1_0954.mp4
[2026-07-21 09:55:00] Loi xoa archive cu: [WinError 32] The process cannot access the file because it is being used by another process: 'D:\\lehuynhthuan\\bida_ai_system\\archive\\ban1_0955.mp4'
[2026-07-21 09:56:00] Da dong archive phut: 0955
[2026-07-21 09:56:00] Mo archive moi: D:\lehuynhthuan\bida_ai_system\archive\ban1_0956.mp4
[2026-07-21 09:56:00] Da xoa archive cu: ban1_0955.mp4
[2026-07-21 09:56:00] Loi xoa archive cu: [WinError 32] The process cannot access the file because it is being used by another process: 'D:\\lehuynhthuan\\bida_ai_system\\archive\\ban1_0956.mp4'
[2026-07-21 09:57:00] Da dong archive phut: 0956
[2026-07-21 09:57:00] Mo archive moi: D:\lehuynhthuan\bida_ai_system\archive\ban1_0957.mp4
[2026-07-21 09:57:00] Da xoa archive cu: ban1_0956.mp4
[2026-07-21 09:57:00] Loi xoa archive cu: [WinError 32] The process cannot access the file because it is being used by another process: 'D:\\lehuynhthuan\\bida_ai_system\\archive\\ban1_0957.mp4'
[2026-07-21 09:58:00] Da dong archive phut: 0957
[2026-07-21 09:58:00] Mo archive moi: D:\lehuynhthuan\bida_ai_system\archive\ban1_0958.mp4
[2026-07-21 09:58:00] Da xoa archive cu: ban1_0957.mp4
[2026-07-21 09:58:00] Loi xoa archive cu: [WinError 32] The process cannot access the file because it is being used by another process: 'D:\\lehuynhthuan\\bida_ai_system\\archive\\ban1_0958.mp4'
[2026-07-21 09:58:41] --- Bat dau khoi dong AI stream ---
[2026-07-21 09:59:00] Da dong archive phut: 0958
[2026-07-21 09:59:00] Mo archive moi: D:\lehuynhthuan\bida_ai_system\archive\ban1_0959.mp4
[2026-07-21 09:59:00] Da xoa archive cu: ban1_0958.mp4
[2026-07-21 09:59:00] Loi xoa archive cu: [WinError 32] The process cannot access the file because it is being used by another process: 'D:\\lehuynhthuan\\bida_ai_system\\archive\\ban1_0959.mp4'
[2026-07-21 09:59:07] Loi: Khong the doc tu camera
[2026-07-21 09:59:11] --- Bat dau khoi dong AI stream ---
[2026-07-21 09:59:34] Loi: Khong the doc tu camera
[2026-07-21 09:59:36] --- Bat dau khoi dong AI stream ---
[2026-07-21 09:59:58] Loi: Khong the doc tu camera
[2026-07-21 10:00:00] Da dong archive phut: 0959
[2026-07-21 10:00:00] Mo archive moi: D:\lehuynhthuan\bida_ai_system\archive\ban1_1000.mp4
[2026-07-21 10:00:00] Da xoa archive cu: ban1_0959.mp4
[2026-07-21 10:00:00] Loi xoa archive cu: [WinError 32] The process cannot access the file because it is being used by another process: 'D:\\lehuynhthuan\\bida_ai_system\\archive\\ban1_1000.mp4'
[2026-07-21 10:00:01] --- Bat dau khoi dong AI stream ---
[2026-07-21 10:00:23] Loi: Khong the doc tu camera
[2026-07-21 10:00:26] --- Bat dau khoi dong AI stream ---
[2026-07-21 10:00:47] Loi: Khong the doc tu camera
[2026-07-21 10:00:51] --- Bat dau khoi dong AI stream ---
[2026-07-21 10:01:00] Da dong archive phut: 1000
[2026-07-21 10:01:00] Mo archive moi: D:\lehuynhthuan\bida_ai_system\archive\ban1_1001.mp4
[2026-07-21 10:01:00] Da xoa archive cu: ban1_1000.mp4
[2026-07-21 10:01:00] Loi xoa archive cu: [WinError 32] The process cannot access the file because it is being used by another process: 'D:\\lehuynhthuan\\bida_ai_system\\archive\\ban1_1001.mp4'
[2026-07-21 10:01:12] Loi: Khong the doc tu camera
[2026-07-21 10:01:16] --- Bat dau khoi dong AI stream ---
[2026-07-21 10:01:38] Loi: Khong the doc tu camera
[2026-07-21 10:01:41] --- Bat dau khoi dong AI stream ---
[2026-07-21 10:02:00] Da dong archive phut: 1001
[2026-07-21 10:02:00] Mo archive moi: D:\lehuynhthuan\bida_ai_system\archive\ban1_1002.mp4
[2026-07-21 10:02:00] Da xoa archive cu: ban1_1001.mp4
[2026-07-21 10:02:00] Loi xoa archive cu: [WinError 32] The process cannot access the file because it is being used by another process: 'D:\\lehuynhthuan\\bida_ai_system\\archive\\ban1_1002.mp4'
[2026-07-21 10:02:02] Loi: Khong the doc tu camera
[2026-07-21 10:02:06] --- Bat dau khoi dong AI stream ---
[2026-07-21 10:02:28] Loi: Khong the doc tu camera
[2026-07-21 10:02:31] --- Bat dau khoi dong AI stream ---
[2026-07-21 10:02:52] Loi: Khong the doc tu camera
[2026-07-21 10:02:56] --- Bat dau khoi dong AI stream ---
[2026-07-21 10:03:00] Da dong archive phut: 1002
[2026-07-21 10:03:00] Mo archive moi: D:\lehuynhthuan\bida_ai_system\archive\ban1_1003.mp4
[2026-07-21 10:03:00] Da xoa archive cu: ban1_1002.mp4
[2026-07-21 10:03:00] Loi xoa archive cu: [WinError 32] The process cannot access the file because it is being used by another process: 'D:\\lehuynhthuan\\bida_ai_system\\archive\\ban1_1003.mp4'
[2026-07-21 10:03:17] Loi: Khong the doc tu camera
[2026-07-21 10:03:21] --- Bat dau khoi dong AI stream ---
[2026-07-21 10:03:43] Loi: Khong the doc tu camera
[2026-07-21 10:03:46] --- Bat dau khoi dong AI stream ---
[2026-07-21 10:04:00] Da dong archive phut: 1003
[2026-07-21 10:04:00] Mo archive moi: D:\lehuynhthuan\bida_ai_system\archive\ban1_1004.mp4
[2026-07-21 10:04:00] Da xoa archive cu: ban1_1003.mp4
[2026-07-21 10:04:00] Loi xoa archive cu: [WinError 32] The process cannot access the file because it is being used by another process: 'D:\\lehuynhthuan\\bida_ai_system\\archive\\ban1_1004.mp4'
[2026-07-21 10:04:07] Loi: Khong the doc tu camera
[2026-07-21 10:04:11] --- Bat dau khoi dong AI stream ---
[2026-07-21 10:04:31] Loi: Khong the doc tu camera
[2026-07-21 10:04:36] --- Bat dau khoi dong AI stream ---
[2026-07-21 10:04:58] Loi: Khong the doc tu camera
[2026-07-21 10:05:00] Da dong archive phut: 1004
[2026-07-21 10:05:00] Mo archive moi: D:\lehuynhthuan\bida_ai_system\archive\ban1_1005.mp4
[2026-07-21 10:05:00] Da xoa archive cu: ban1_1004.mp4
[2026-07-21 10:05:00] Loi xoa archive cu: [WinError 32] The process cannot access the file because it is being used by another process: 'D:\\lehuynhthuan\\bida_ai_system\\archive\\ban1_1005.mp4'
[2026-07-21 10:05:01] --- Bat dau khoi dong AI stream ---
[2026-07-21 10:05:22] Loi: Khong the doc tu camera
[2026-07-21 10:05:26] --- Bat dau khoi dong AI stream ---
[2026-07-21 10:05:48] Loi: Khong the doc tu camera
[2026-07-21 10:05:51] --- Bat dau khoi dong AI stream ---
[2026-07-21 10:06:00] Da dong archive phut: 1005
[2026-07-21 10:06:00] Mo archive moi: D:\lehuynhthuan\bida_ai_system\archive\ban1_1006.mp4
[2026-07-21 10:06:00] Da xoa archive cu: ban1_1005.mp4
[2026-07-21 10:06:00] Loi xoa archive cu: [WinError 32] The process cannot access the file because it is being used by another process: 'D:\\lehuynhthuan\\bida_ai_system\\archive\\ban1_1006.mp4'
[2026-07-21 10:06:13] Loi: Khong the doc tu camera
[2026-07-21 10:06:16] --- Bat dau khoi dong AI stream ---
[2026-07-21 10:06:37] Loi: Khong the doc tu camera
[2026-07-21 10:06:41] --- Bat dau khoi dong AI stream ---
[2026-07-21 10:07:00] Da dong archive phut: 1006
[2026-07-21 10:07:00] Mo archive moi: D:\lehuynhthuan\bida_ai_system\archive\ban1_1007.mp4
[2026-07-21 10:07:00] Da xoa archive cu: ban1_1006.mp4
[2026-07-21 10:07:00] Loi xoa archive cu: [WinError 32] The process cannot access the file because it is being used by another process: 'D:\\lehuynhthuan\\bida_ai_system\\archive\\ban1_1007.mp4'
[2026-07-21 10:07:02] Loi: Khong the doc tu camera
[2026-07-21 10:07:06] --- Bat dau khoi dong AI stream ---
[2026-07-21 10:07:26] Loi: Khong the doc tu camera
[2026-07-21 10:07:31] --- Bat dau khoi dong AI stream ---
[2026-07-21 10:07:54] Loi: Khong the doc tu camera
[2026-07-21 10:07:56] --- Bat dau khoi dong AI stream ---
[2026-07-21 10:08:00] Da dong archive phut: 1007
[2026-07-21 10:08:00] Mo archive moi: D:\lehuynhthuan\bida_ai_system\archive\ban1_1008.mp4
[2026-07-21 10:08:00] Da xoa archive cu: ban1_1007.mp4
[2026-07-21 10:08:00] Loi xoa archive cu: [WinError 32] The process cannot access the file because it is being used by another process: 'D:\\lehuynhthuan\\bida_ai_system\\archive\\ban1_1008.mp4'
[2026-07-21 10:08:18] Loi: Khong the doc tu camera
[2026-07-21 10:08:21] --- Bat dau khoi dong AI stream ---
[2026-07-21 10:08:47] --- Bat dau khoi dong AI stream ---
[2026-07-21 10:09:00] Da dong archive phut: 1008
[2026-07-21 10:09:00] Mo archive moi: D:\lehuynhthuan\bida_ai_system\archive\ban1_1009.mp4
[2026-07-21 10:09:00] Da xoa archive cu: ban1_1008.mp4
[2026-07-21 10:09:00] Loi xoa archive cu: [WinError 32] The process cannot access the file because it is being used by another process: 'D:\\lehuynhthuan\\bida_ai_system\\archive\\ban1_1009.mp4'
[2026-07-21 10:09:10] Loi: Khong the doc tu camera
[2026-07-21 10:09:12] --- Bat dau khoi dong AI stream ---
[2026-07-21 10:09:35] Loi: Khong the doc tu camera
[2026-07-21 10:09:37] --- Bat dau khoi dong AI stream ---
[2026-07-21 10:09:59] Loi: Khong the doc tu camera
[2026-07-21 10:10:00] Da dong archive phut: 1009
[2026-07-21 10:10:00] Mo archive moi: D:\lehuynhthuan\bida_ai_system\archive\ban1_1010.mp4
[2026-07-21 10:10:00] Da xoa archive cu: ban1_1009.mp4
[2026-07-21 10:10:00] Loi xoa archive cu: [WinError 32] The process cannot access the file because it is being used by another process: 'D:\\lehuynhthuan\\bida_ai_system\\archive\\ban1_1010.mp4'
[2026-07-21 10:10:02] --- Bat dau khoi dong AI stream ---
[2026-07-21 10:10:24] Loi: Khong the doc tu camera
[2026-07-21 10:10:27] --- Bat dau khoi dong AI stream ---
[2026-07-21 10:10:48] Loi: Khong the doc tu camera
[2026-07-21 10:10:52] --- Bat dau khoi dong AI stream ---
[2026-07-21 10:11:00] Da dong archive phut: 1010
[2026-07-21 10:11:00] Mo archive moi: D:\lehuynhthuan\bida_ai_system\archive\ban1_1011.mp4
[2026-07-21 10:11:00] Da xoa archive cu: ban1_1010.mp4
[2026-07-21 10:11:00] Loi xoa archive cu: [WinError 32] The process cannot access the file because it is being used by another process: 'D:\\lehuynhthuan\\bida_ai_system\\archive\\ban1_1011.mp4'
[2026-07-21 10:11:13] Loi: Khong the doc tu camera
[2026-07-21 10:11:17] --- Bat dau khoi dong AI stream ---
[2026-07-21 10:13:02] --- Bat dau khoi dong AI stream ---
[2026-07-21 10:13:24] Webcam bat thanh cong. Size: 640x480
[2026-07-21 10:13:24] Mo archive moi: D:\lehuynhthuan\bida_ai_system\archive\ban1_1013.mp4
[2026-07-21 10:13:24] Da xoa archive cu: ban1_1011.mp4
[2026-07-21 10:13:24] Loi xoa archive cu: [WinError 32] The process cannot access the file because it is being used by another process: 'D:\\lehuynhthuan\\bida_ai_system\\archive\\ban1_1013.mp4'
[2026-07-21 10:14:00] Da dong archive phut: 1013
[2026-07-21 10:14:00] Mo archive moi: D:\lehuynhthuan\bida_ai_system\archive\ban1_1014.mp4
[2026-07-21 10:14:00] Da xoa archive cu: ban1_1013.mp4
[2026-07-21 10:14:00] Loi xoa archive cu: [WinError 32] The process cannot access the file because it is being used by another process: 'D:\\lehuynhthuan\\bida_ai_system\\archive\\ban1_1014.mp4'
[2026-07-21 10:14:53] --- Bat dau khoi dong AI stream ---
[2026-07-21 10:15:15] Webcam bat thanh cong. Size: 640x480
[2026-07-21 10:15:15] Mo archive moi: D:\lehuynhthuan\bida_ai_system\archive\ban1_1015.mp4
[2026-07-21 10:15:15] Da xoa archive cu: ban1_1014.mp4
[2026-07-21 10:15:15] Loi xoa archive cu: [WinError 32] The process cannot access the file because it is being used by another process: 'D:\\lehuynhthuan\\bida_ai_system\\archive\\ban1_1015.mp4'
[2026-07-21 10:16:00] Da dong archive phut: 1015
[2026-07-21 10:16:00] Mo archive moi: D:\lehuynhthuan\bida_ai_system\archive\ban1_1016.mp4
[2026-07-21 10:16:00] Da xoa archive cu: ban1_1015.mp4
[2026-07-21 10:16:00] Loi xoa archive cu: [WinError 32] The process cannot access the file because it is being used by another process: 'D:\\lehuynhthuan\\bida_ai_system\\archive\\ban1_1016.mp4'
[2026-07-21 10:17:00] Da dong archive phut: 1016
[2026-07-21 10:17:00] Mo archive moi: D:\lehuynhthuan\bida_ai_system\archive\ban1_1017.mp4
[2026-07-21 10:17:00] Da xoa archive cu: ban1_1016.mp4
[2026-07-21 10:17:00] Loi xoa archive cu: [WinError 32] The process cannot access the file because it is being used by another process: 'D:\\lehuynhthuan\\bida_ai_system\\archive\\ban1_1017.mp4'
[2026-07-21 10:18:00] Da dong archive phut: 1017
[2026-07-21 10:18:00] Mo archive moi: D:\lehuynhthuan\bida_ai_system\archive\ban1_1018.mp4
[2026-07-21 10:18:00] Da xoa archive cu: ban1_1017.mp4
[2026-07-21 10:18:00] Loi xoa archive cu: [WinError 32] The process cannot access the file because it is being used by another process: 'D:\\lehuynhthuan\\bida_ai_system\\archive\\ban1_1018.mp4'
[2026-07-21 10:19:00] Da dong archive phut: 1018
[2026-07-21 10:19:00] Mo archive moi: D:\lehuynhthuan\bida_ai_system\archive\ban1_1019.mp4
[2026-07-21 10:19:00] Da xoa archive cu: ban1_1018.mp4
[2026-07-21 10:19:00] Loi xoa archive cu: [WinError 32] The process cannot access the file because it is being used by another process: 'D:\\lehuynhthuan\\bida_ai_system\\archive\\ban1_1019.mp4'
[2026-07-21 10:19:55] --- Bat dau khoi dong AI stream ---
[2026-07-21 10:20:17] Webcam bat thanh cong. Size: 640x480
[2026-07-21 10:20:17] Mo archive moi: D:\lehuynhthuan\bida_ai_system\archive\ban1_1020.mp4
[2026-07-21 10:20:17] Da xoa archive cu: ban1_1019.mp4
[2026-07-21 10:20:17] Loi xoa archive cu: [WinError 32] The process cannot access the file because it is being used by another process: 'D:\\lehuynhthuan\\bida_ai_system\\archive\\ban1_1020.mp4'
[2026-07-21 10:21:00] Da dong archive phut: 1020
[2026-07-21 10:21:00] Mo archive moi: D:\lehuynhthuan\bida_ai_system\archive\ban1_1021.mp4
[2026-07-21 10:21:00] Da xoa archive cu: ban1_1020.mp4
[2026-07-21 10:21:00] Loi xoa archive cu: [WinError 32] The process cannot access the file because it is being used by another process: 'D:\\lehuynhthuan\\bida_ai_system\\archive\\ban1_1021.mp4'
[2026-07-21 10:22:00] Da dong archive phut: 1021
[2026-07-21 10:22:00] Mo archive moi: D:\lehuynhthuan\bida_ai_system\archive\ban1_1022.mp4
[2026-07-21 10:22:00] Da xoa archive cu: ban1_1021.mp4
[2026-07-21 10:22:00] Loi xoa archive cu: [WinError 32] The process cannot access the file because it is being used by another process: 'D:\\lehuynhthuan\\bida_ai_system\\archive\\ban1_1022.mp4'
[2026-07-21 10:23:00] Da dong archive phut: 1022
[2026-07-21 10:23:00] Mo archive moi: D:\lehuynhthuan\bida_ai_system\archive\ban1_1023.mp4
[2026-07-21 10:23:00] Da xoa archive cu: ban1_1022.mp4
[2026-07-21 10:23:00] Loi xoa archive cu: [WinError 32] The process cannot access the file because it is being used by another process: 'D:\\lehuynhthuan\\bida_ai_system\\archive\\ban1_1023.mp4'
[2026-07-21 10:24:00] Da dong archive phut: 1023
[2026-07-21 10:24:00] Mo archive moi: D:\lehuynhthuan\bida_ai_system\archive\ban1_1024.mp4
[2026-07-21 10:24:00] Da xoa archive cu: ban1_1023.mp4
[2026-07-21 10:24:00] Loi xoa archive cu: [WinError 32] The process cannot access the file because it is being used by another process: 'D:\\lehuynhthuan\\bida_ai_system\\archive\\ban1_1024.mp4'
[2026-07-21 10:25:00] Da dong archive phut: 1024
[2026-07-21 10:25:00] Mo archive moi: D:\lehuynhthuan\bida_ai_system\archive\ban1_1025.mp4
[2026-07-21 10:25:00] Da xoa archive cu: ban1_1024.mp4
[2026-07-21 10:25:00] Loi xoa archive cu: [WinError 32] The process cannot access the file because it is being used by another process: 'D:\\lehuynhthuan\\bida_ai_system\\archive\\ban1_1025.mp4'
[2026-07-21 10:26:00] Da dong archive phut: 1025
[2026-07-21 10:26:00] Mo archive moi: D:\lehuynhthuan\bida_ai_system\archive\ban1_1026.mp4
[2026-07-21 10:26:00] Da xoa archive cu: ban1_1025.mp4
[2026-07-21 10:26:00] Loi xoa archive cu: [WinError 32] The process cannot access the file because it is being used by another process: 'D:\\lehuynhthuan\\bida_ai_system\\archive\\ban1_1026.mp4'
[2026-07-21 10:27:00] Da dong archive phut: 1026
[2026-07-21 10:27:00] Mo archive moi: D:\lehuynhthuan\bida_ai_system\archive\ban1_1027.mp4
[2026-07-21 10:27:00] Da xoa archive cu: ban1_1026.mp4
[2026-07-21 10:27:00] Loi xoa archive cu: [WinError 32] The process cannot access the file because it is being used by another process: 'D:\\lehuynhthuan\\bida_ai_system\\archive\\ban1_1027.mp4'
[2026-07-21 10:28:45] --- Bat dau khoi dong AI stream ---
[2026-07-21 10:29:08] Webcam bat thanh cong. Size: 640x480
[2026-07-21 10:29:08] Mo archive moi: D:\lehuynhthuan\bida_ai_system\archive\ban1_1029.mp4
[2026-07-21 10:29:08] Da xoa archive cu: ban1_1027.mp4
[2026-07-21 10:29:08] Loi xoa archive cu: [WinError 32] The process cannot access the file because it is being used by another process: 'D:\\lehuynhthuan\\bida_ai_system\\archive\\ban1_1029.mp4'
[2026-07-21 10:30:00] Da dong archive phut: 1029
[2026-07-21 10:30:00] Mo archive moi: D:\lehuynhthuan\bida_ai_system\archive\ban1_1030.mp4
[2026-07-21 10:30:00] Da xoa archive cu: ban1_1029.mp4
[2026-07-21 10:30:00] Loi xoa archive cu: [WinError 32] The process cannot access the file because it is being used by another process: 'D:\\lehuynhthuan\\bida_ai_system\\archive\\ban1_1030.mp4'
[2026-07-21 10:31:00] Da dong archive phut: 1030
[2026-07-21 10:31:00] Mo archive moi: D:\lehuynhthuan\bida_ai_system\archive\ban1_1031.mp4
[2026-07-21 10:31:00] Da xoa archive cu: ban1_1030.mp4
[2026-07-21 10:31:00] Loi xoa archive cu: [WinError 32] The process cannot access the file because it is being used by another process: 'D:\\lehuynhthuan\\bida_ai_system\\archive\\ban1_1031.mp4'
[2026-07-21 10:32:00] Da dong archive phut: 1031
[2026-07-21 10:32:00] Mo archive moi: D:\lehuynhthuan\bida_ai_system\archive\ban1_1032.mp4
[2026-07-21 10:32:00] Da xoa archive cu: ban1_1031.mp4
[2026-07-21 10:32:00] Loi xoa archive cu: [WinError 32] The process cannot access the file because it is being used by another process: 'D:\\lehuynhthuan\\bida_ai_system\\archive\\ban1_1032.mp4'
[2026-07-21 10:33:00] Da dong archive phut: 1032
[2026-07-21 10:33:00] Mo archive moi: D:\lehuynhthuan\bida_ai_system\archive\ban1_1033.mp4
[2026-07-21 10:33:00] Da xoa archive cu: ban1_1032.mp4
[2026-07-21 10:33:00] Loi xoa archive cu: [WinError 32] The process cannot access the file because it is being used by another process: 'D:\\lehuynhthuan\\bida_ai_system\\archive\\ban1_1033.mp4'
[2026-07-21 10:34:00] Da dong archive phut: 1033
[2026-07-21 10:34:00] Mo archive moi: D:\lehuynhthuan\bida_ai_system\archive\ban1_1034.mp4
[2026-07-21 10:34:00] Da xoa archive cu: ban1_1033.mp4
[2026-07-21 10:34:00] Loi xoa archive cu: [WinError 32] The process cannot access the file because it is being used by another process: 'D:\\lehuynhthuan\\bida_ai_system\\archive\\ban1_1034.mp4'
[2026-07-21 10:35:00] Da dong archive phut: 1034
[2026-07-21 10:35:00] Mo archive moi: D:\lehuynhthuan\bida_ai_system\archive\ban1_1035.mp4
[2026-07-21 10:35:00] Da xoa archive cu: ban1_1034.mp4
[2026-07-21 10:35:00] Loi xoa archive cu: [WinError 32] The process cannot access the file because it is being used by another process: 'D:\\lehuynhthuan\\bida_ai_system\\archive\\ban1_1035.mp4'
[2026-07-21 10:36:00] Da dong archive phut: 1035
[2026-07-21 10:36:00] Mo archive moi: D:\lehuynhthuan\bida_ai_system\archive\ban1_1036.mp4
[2026-07-21 10:36:00] Da xoa archive cu: ban1_1035.mp4
[2026-07-21 10:36:00] Loi xoa archive cu: [WinError 32] The process cannot access the file because it is being used by another process: 'D:\\lehuynhthuan\\bida_ai_system\\archive\\ban1_1036.mp4'
[2026-07-21 10:37:00] Da dong archive phut: 1036
[2026-07-21 10:37:00] Mo archive moi: D:\lehuynhthuan\bida_ai_system\archive\ban1_1037.mp4
[2026-07-21 10:37:00] Da xoa archive cu: ban1_1036.mp4
[2026-07-21 10:37:00] Loi xoa archive cu: [WinError 32] The process cannot access the file because it is being used by another process: 'D:\\lehuynhthuan\\bida_ai_system\\archive\\ban1_1037.mp4'
[2026-07-21 10:37:40] --- Bat dau khoi dong AI stream ---
[2026-07-21 10:38:02] Webcam bat thanh cong. Size: 640x480
[2026-07-21 10:38:02] Mo archive moi: D:\lehuynhthuan\bida_ai_system\archive\ban1_1038.mp4
[2026-07-21 10:38:02] Da xoa archive cu: ban1_1037.mp4
[2026-07-21 10:38:02] Loi xoa archive cu: [WinError 32] The process cannot access the file because it is being used by another process: 'D:\\lehuynhthuan\\bida_ai_system\\archive\\ban1_1038.mp4'
[2026-07-21 10:39:00] Da dong archive phut: 1038
[2026-07-21 10:39:00] Mo archive moi: D:\lehuynhthuan\bida_ai_system\archive\ban1_1039.mp4
[2026-07-21 10:39:00] Da xoa archive cu: ban1_1038.mp4
[2026-07-21 10:39:00] Loi xoa archive cu: [WinError 32] The process cannot access the file because it is being used by another process: 'D:\\lehuynhthuan\\bida_ai_system\\archive\\ban1_1039.mp4'
[2026-07-21 10:40:00] Da dong archive phut: 1039
[2026-07-21 10:40:00] Mo archive moi: D:\lehuynhthuan\bida_ai_system\archive\ban1_1040.mp4
[2026-07-21 10:40:00] Da xoa archive cu: ban1_1039.mp4
[2026-07-21 10:40:00] Loi xoa archive cu: [WinError 32] The process cannot access the file because it is being used by another process: 'D:\\lehuynhthuan\\bida_ai_system\\archive\\ban1_1040.mp4'
[2026-07-21 10:41:00] Da dong archive phut: 1040
[2026-07-21 10:41:00] Mo archive moi: D:\lehuynhthuan\bida_ai_system\archive\ban1_1041.mp4
[2026-07-21 10:41:00] Da xoa archive cu: ban1_1040.mp4
[2026-07-21 10:41:00] Loi xoa archive cu: [WinError 32] The process cannot access the file because it is being used by another process: 'D:\\lehuynhthuan\\bida_ai_system\\archive\\ban1_1041.mp4'
[2026-07-21 10:42:00] Da dong archive phut: 1041
[2026-07-21 10:42:00] Mo archive moi: D:\lehuynhthuan\bida_ai_system\archive\ban1_1042.mp4
[2026-07-21 10:42:00] Da xoa archive cu: ban1_1041.mp4
[2026-07-21 10:42:00] Loi xoa archive cu: [WinError 32] The process cannot access the file because it is being used by another process: 'D:\\lehuynhthuan\\bida_ai_system\\archive\\ban1_1042.mp4'
[2026-07-21 10:43:00] Da dong archive phut: 1042
[2026-07-21 10:43:00] Mo archive moi: D:\lehuynhthuan\bida_ai_system\archive\ban1_1043.mp4
[2026-07-21 10:43:00] Da xoa archive cu: ban1_1042.mp4
[2026-07-21 10:43:00] Loi xoa archive cu: [WinError 32] The process cannot access the file because it is being used by another process: 'D:\\lehuynhthuan\\bida_ai_system\\archive\\ban1_1043.mp4'
[2026-07-21 10:44:00] Da dong archive phut: 1043
[2026-07-21 10:44:00] Mo archive moi: D:\lehuynhthuan\bida_ai_system\archive\ban1_1044.mp4
[2026-07-21 10:44:00] Da xoa archive cu: ban1_1043.mp4
[2026-07-21 10:44:00] Loi xoa archive cu: [WinError 32] The process cannot access the file because it is being used by another process: 'D:\\lehuynhthuan\\bida_ai_system\\archive\\ban1_1044.mp4'
[2026-07-21 10:45:00] Da dong archive phut: 1044
[2026-07-21 10:45:00] Mo archive moi: D:\lehuynhthuan\bida_ai_system\archive\ban1_1045.mp4
[2026-07-21 10:45:00] Da xoa archive cu: ban1_1044.mp4
[2026-07-21 10:45:00] Loi xoa archive cu: [WinError 32] The process cannot access the file because it is being used by another process: 'D:\\lehuynhthuan\\bida_ai_system\\archive\\ban1_1045.mp4'
[2026-07-21 10:46:00] Da dong archive phut: 1045
[2026-07-21 10:46:00] Mo archive moi: D:\lehuynhthuan\bida_ai_system\archive\ban1_1046.mp4
[2026-07-21 10:46:00] Da xoa archive cu: ban1_1045.mp4
[2026-07-21 10:46:00] Loi xoa archive cu: [WinError 32] The process cannot access the file because it is being used by another process: 'D:\\lehuynhthuan\\bida_ai_system\\archive\\ban1_1046.mp4'
[2026-07-21 10:47:00] Da dong archive phut: 1046
[2026-07-21 10:47:00] Mo archive moi: D:\lehuynhthuan\bida_ai_system\archive\ban1_1047.mp4
[2026-07-21 10:47:00] Da xoa archive cu: ban1_1046.mp4
[2026-07-21 10:47:00] Loi xoa archive cu: [WinError 32] The process cannot access the file because it is being used by another process: 'D:\\lehuynhthuan\\bida_ai_system\\archive\\ban1_1047.mp4'
[2026-07-21 10:48:00] Da dong archive phut: 1047
[2026-07-21 10:48:00] Mo archive moi: D:\lehuynhthuan\bida_ai_system\archive\ban1_1048.mp4
[2026-07-21 10:48:00] Da xoa archive cu: ban1_1047.mp4
[2026-07-21 10:48:00] Loi xoa archive cu: [WinError 32] The process cannot access the file because it is being used by another process: 'D:\\lehuynhthuan\\bida_ai_system\\archive\\ban1_1048.mp4'
[2026-07-21 10:49:00] Da dong archive phut: 1048
[2026-07-21 10:49:00] Mo archive moi: D:\lehuynhthuan\bida_ai_system\archive\ban1_1049.mp4
[2026-07-21 10:49:00] Da xoa archive cu: ban1_1048.mp4
[2026-07-21 10:49:00] Loi xoa archive cu: [WinError 32] The process cannot access the file because it is being used by another process: 'D:\\lehuynhthuan\\bida_ai_system\\archive\\ban1_1049.mp4'
[2026-07-21 10:50:00] Da dong archive phut: 1049
[2026-07-21 10:50:00] Mo archive moi: D:\lehuynhthuan\bida_ai_system\archive\ban1_1050.mp4
[2026-07-21 10:50:00] Da xoa archive cu: ban1_1049.mp4
[2026-07-21 10:50:00] Loi xoa archive cu: [WinError 32] The process cannot access the file because it is being used by another process: 'D:\\lehuynhthuan\\bida_ai_system\\archive\\ban1_1050.mp4'
[2026-07-21 10:51:00] Da dong archive phut: 1050
[2026-07-21 10:51:00] Mo archive moi: D:\lehuynhthuan\bida_ai_system\archive\ban1_1051.mp4
[2026-07-21 10:51:00] Da xoa archive cu: ban1_1050.mp4
[2026-07-21 10:51:00] Loi xoa archive cu: [WinError 32] The process cannot access the file because it is being used by another process: 'D:\\lehuynhthuan\\bida_ai_system\\archive\\ban1_1051.mp4'
[2026-07-21 10:52:00] Da dong archive phut: 1051
[2026-07-21 10:52:00] Mo archive moi: D:\lehuynhthuan\bida_ai_system\archive\ban1_1052.mp4
[2026-07-21 10:52:00] Da xoa archive cu: ban1_1051.mp4
[2026-07-21 10:52:00] Loi xoa archive cu: [WinError 32] The process cannot access the file because it is being used by another process: 'D:\\lehuynhthuan\\bida_ai_system\\archive\\ban1_1052.mp4'
[2026-07-21 10:53:00] Da dong archive phut: 1052
[2026-07-21 10:53:00] Mo archive moi: D:\lehuynhthuan\bida_ai_system\archive\ban1_1053.mp4
[2026-07-21 10:53:00] Da xoa archive cu: ban1_1052.mp4
[2026-07-21 10:53:00] Loi xoa archive cu: [WinError 32] The process cannot access the file because it is being used by another process: 'D:\\lehuynhthuan\\bida_ai_system\\archive\\ban1_1053.mp4'
[2026-07-21 10:54:00] Da dong archive phut: 1053
[2026-07-21 10:54:00] Mo archive moi: D:\lehuynhthuan\bida_ai_system\archive\ban1_1054.mp4
[2026-07-21 10:54:00] Da xoa archive cu: ban1_1053.mp4
[2026-07-21 10:54:00] Loi xoa archive cu: [WinError 32] The process cannot access the file because it is being used by another process: 'D:\\lehuynhthuan\\bida_ai_system\\archive\\ban1_1054.mp4'
[2026-07-21 10:55:00] Da dong archive phut: 1054
[2026-07-21 10:55:00] Mo archive moi: D:\lehuynhthuan\bida_ai_system\archive\ban1_1055.mp4
[2026-07-21 10:55:00] Da xoa archive cu: ban1_1054.mp4
[2026-07-21 10:55:00] Loi xoa archive cu: [WinError 32] The process cannot access the file because it is being used by another process: 'D:\\lehuynhthuan\\bida_ai_system\\archive\\ban1_1055.mp4'
[2026-07-21 10:56:00] Da dong archive phut: 1055
[2026-07-21 10:56:00] Mo archive moi: D:\lehuynhthuan\bida_ai_system\archive\ban1_1056.mp4
[2026-07-21 10:56:00] Da xoa archive cu: ban1_1055.mp4
[2026-07-21 10:56:00] Loi xoa archive cu: [WinError 32] The process cannot access the file because it is being used by another process: 'D:\\lehuynhthuan\\bida_ai_system\\archive\\ban1_1056.mp4'
[2026-07-21 10:57:00] Da dong archive phut: 1056
[2026-07-21 10:57:00] Mo archive moi: D:\lehuynhthuan\bida_ai_system\archive\ban1_1057.mp4
[2026-07-21 10:57:00] Da xoa archive cu: ban1_1056.mp4
[2026-07-21 10:57:00] Loi xoa archive cu: [WinError 32] The process cannot access the file because it is being used by another process: 'D:\\lehuynhthuan\\bida_ai_system\\archive\\ban1_1057.mp4'
[2026-07-21 10:58:00] Da dong archive phut: 1057
[2026-07-21 10:58:00] Mo archive moi: D:\lehuynhthuan\bida_ai_system\archive\ban1_1058.mp4
[2026-07-21 10:58:00] Da xoa archive cu: ban1_1057.mp4
[2026-07-21 10:58:00] Loi xoa archive cu: [WinError 32] The process cannot access the file because it is being used by another process: 'D:\\lehuynhthuan\\bida_ai_system\\archive\\ban1_1058.mp4'
[2026-07-21 10:59:00] Da dong archive phut: 1058
[2026-07-21 10:59:00] Mo archive moi: D:\lehuynhthuan\bida_ai_system\archive\ban1_1059.mp4
[2026-07-21 10:59:00] Da xoa archive cu: ban1_1058.mp4
[2026-07-21 10:59:00] Loi xoa archive cu: [WinError 32] The process cannot access the file because it is being used by another process: 'D:\\lehuynhthuan\\bida_ai_system\\archive\\ban1_1059.mp4'
[2026-07-21 11:00:00] Da dong archive phut: 1059
[2026-07-21 11:00:00] Mo archive moi: D:\lehuynhthuan\bida_ai_system\archive\ban1_1100.mp4
[2026-07-21 11:00:00] Da xoa archive cu: ban1_1059.mp4
[2026-07-21 11:00:00] Loi xoa archive cu: [WinError 32] The process cannot access the file because it is being used by another process: 'D:\\lehuynhthuan\\bida_ai_system\\archive\\ban1_1100.mp4'
[2026-07-21 11:01:00] Da dong archive phut: 1100
[2026-07-21 11:01:00] Mo archive moi: D:\lehuynhthuan\bida_ai_system\archive\ban1_1101.mp4
[2026-07-21 11:01:00] Da xoa archive cu: ban1_1100.mp4
[2026-07-21 11:01:00] Loi xoa archive cu: [WinError 32] The process cannot access the file because it is being used by another process: 'D:\\lehuynhthuan\\bida_ai_system\\archive\\ban1_1101.mp4'
[2026-07-21 11:02:00] Da dong archive phut: 1101
[2026-07-21 11:02:00] Mo archive moi: D:\lehuynhthuan\bida_ai_system\archive\ban1_1102.mp4
[2026-07-21 11:02:00] Da xoa archive cu: ban1_1101.mp4
[2026-07-21 11:02:00] Loi xoa archive cu: [WinError 32] The process cannot access the file because it is being used by another process: 'D:\\lehuynhthuan\\bida_ai_system\\archive\\ban1_1102.mp4'
[2026-07-21 11:03:00] Da dong archive phut: 1102
[2026-07-21 11:03:00] Mo archive moi: D:\lehuynhthuan\bida_ai_system\archive\ban1_1103.mp4
[2026-07-21 11:03:00] Da xoa archive cu: ban1_1102.mp4
[2026-07-21 11:03:00] Loi xoa archive cu: [WinError 32] The process cannot access the file because it is being used by another process: 'D:\\lehuynhthuan\\bida_ai_system\\archive\\ban1_1103.mp4'
[2026-07-21 11:04:00] Da dong archive phut: 1103
[2026-07-21 11:04:00] Mo archive moi: D:\lehuynhthuan\bida_ai_system\archive\ban1_1104.mp4
[2026-07-21 11:04:00] Da xoa archive cu: ban1_1103.mp4
[2026-07-21 11:04:00] Loi xoa archive cu: [WinError 32] The process cannot access the file because it is being used by another process: 'D:\\lehuynhthuan\\bida_ai_system\\archive\\ban1_1104.mp4'
[2026-07-21 11:05:00] Da dong archive phut: 1104
[2026-07-21 11:05:00] Mo archive moi: D:\lehuynhthuan\bida_ai_system\archive\ban1_1105.mp4
[2026-07-21 11:05:00] Da xoa archive cu: ban1_1104.mp4
[2026-07-21 11:05:00] Loi xoa archive cu: [WinError 32] The process cannot access the file because it is being used by another process: 'D:\\lehuynhthuan\\bida_ai_system\\archive\\ban1_1105.mp4'
[2026-07-21 11:06:00] Da dong archive phut: 1105
[2026-07-21 11:06:00] Mo archive moi: D:\lehuynhthuan\bida_ai_system\archive\ban1_1106.mp4
[2026-07-21 11:06:00] Da xoa archive cu: ban1_1105.mp4
[2026-07-21 11:06:00] Loi xoa archive cu: [WinError 32] The process cannot access the file because it is being used by another process: 'D:\\lehuynhthuan\\bida_ai_system\\archive\\ban1_1106.mp4'
[2026-07-21 11:07:00] Da dong archive phut: 1106
[2026-07-21 11:07:00] Mo archive moi: D:\lehuynhthuan\bida_ai_system\archive\ban1_1107.mp4
[2026-07-21 11:07:00] Da xoa archive cu: ban1_1106.mp4
[2026-07-21 11:07:00] Loi xoa archive cu: [WinError 32] The process cannot access the file because it is being used by another process: 'D:\\lehuynhthuan\\bida_ai_system\\archive\\ban1_1107.mp4'
[2026-07-21 11:08:00] Da dong archive phut: 1107
[2026-07-21 11:08:00] Mo archive moi: D:\lehuynhthuan\bida_ai_system\archive\ban1_1108.mp4
[2026-07-21 11:08:00] Da xoa archive cu: ban1_1107.mp4
[2026-07-21 11:08:00] Loi xoa archive cu: [WinError 32] The process cannot access the file because it is being used by another process: 'D:\\lehuynhthuan\\bida_ai_system\\archive\\ban1_1108.mp4'
[2026-07-21 11:09:00] Da dong archive phut: 1108
[2026-07-21 11:09:00] Mo archive moi: D:\lehuynhthuan\bida_ai_system\archive\ban1_1109.mp4
[2026-07-21 11:09:00] Da xoa archive cu: ban1_1108.mp4
[2026-07-21 11:09:00] Loi xoa archive cu: [WinError 32] The process cannot access the file because it is being used by another process: 'D:\\lehuynhthuan\\bida_ai_system\\archive\\ban1_1109.mp4'
[2026-07-21 11:10:00] Da dong archive phut: 1109
[2026-07-21 11:10:00] Mo archive moi: D:\lehuynhthuan\bida_ai_system\archive\ban1_1110.mp4
[2026-07-21 11:10:00] Da xoa archive cu: ban1_1109.mp4
[2026-07-21 11:10:00] Loi xoa archive cu: [WinError 32] The process cannot access the file because it is being used by another process: 'D:\\lehuynhthuan\\bida_ai_system\\archive\\ban1_1110.mp4'
[2026-07-21 11:11:00] Da dong archive phut: 1110
[2026-07-21 11:11:00] Mo archive moi: D:\lehuynhthuan\bida_ai_system\archive\ban1_1111.mp4
[2026-07-21 11:11:00] Da xoa archive cu: ban1_1110.mp4
[2026-07-21 11:11:00] Loi xoa archive cu: [WinError 32] The process cannot access the file because it is being used by another process: 'D:\\lehuynhthuan\\bida_ai_system\\archive\\ban1_1111.mp4'
[2026-07-21 11:12:00] Da dong archive phut: 1111
[2026-07-21 11:12:00] Mo archive moi: D:\lehuynhthuan\bida_ai_system\archive\ban1_1112.mp4
[2026-07-21 11:12:00] Da xoa archive cu: ban1_1111.mp4
[2026-07-21 11:12:00] Loi xoa archive cu: [WinError 32] The process cannot access the file because it is being used by another process: 'D:\\lehuynhthuan\\bida_ai_system\\archive\\ban1_1112.mp4'
[2026-07-21 11:13:00] Da dong archive phut: 1112
[2026-07-21 11:13:00] Mo archive moi: D:\lehuynhthuan\bida_ai_system\archive\ban1_1113.mp4
[2026-07-21 11:13:00] Da xoa archive cu: ban1_1112.mp4
[2026-07-21 11:13:00] Loi xoa archive cu: [WinError 32] The process cannot access the file because it is being used by another process: 'D:\\lehuynhthuan\\bida_ai_system\\archive\\ban1_1113.mp4'
[2026-07-21 11:14:00] Da dong archive phut: 1113
[2026-07-21 11:14:00] Mo archive moi: D:\lehuynhthuan\bida_ai_system\archive\ban1_1114.mp4
[2026-07-21 11:14:00] Da xoa archive cu: ban1_1113.mp4
[2026-07-21 11:14:00] Loi xoa archive cu: [WinError 32] The process cannot access the file because it is being used by another process: 'D:\\lehuynhthuan\\bida_ai_system\\archive\\ban1_1114.mp4'
[2026-07-21 11:15:00] Da dong archive phut: 1114
[2026-07-21 11:15:00] Mo archive moi: D:\lehuynhthuan\bida_ai_system\archive\ban1_1115.mp4
[2026-07-21 11:15:00] Da xoa archive cu: ban1_1114.mp4
[2026-07-21 11:15:00] Loi xoa archive cu: [WinError 32] The process cannot access the file because it is being used by another process: 'D:\\lehuynhthuan\\bida_ai_system\\archive\\ban1_1115.mp4'
[2026-07-21 11:16:00] Da dong archive phut: 1115
[2026-07-21 11:16:00] Mo archive moi: D:\lehuynhthuan\bida_ai_system\archive\ban1_1116.mp4
[2026-07-21 11:16:00] Da xoa archive cu: ban1_1115.mp4
[2026-07-21 11:16:00] Loi xoa archive cu: [WinError 32] The process cannot access the file because it is being used by another process: 'D:\\lehuynhthuan\\bida_ai_system\\archive\\ban1_1116.mp4'
[2026-07-21 11:17:00] Da dong archive phut: 1116
[2026-07-21 11:17:00] Mo archive moi: D:\lehuynhthuan\bida_ai_system\archive\ban1_1117.mp4
[2026-07-21 11:17:00] Da xoa archive cu: ban1_1116.mp4
[2026-07-21 11:17:00] Loi xoa archive cu: [WinError 32] The process cannot access the file because it is being used by another process: 'D:\\lehuynhthuan\\bida_ai_system\\archive\\ban1_1117.mp4'
[2026-07-21 11:18:00] Da dong archive phut: 1117
[2026-07-21 11:18:00] Mo archive moi: D:\lehuynhthuan\bida_ai_system\archive\ban1_1118.mp4
[2026-07-21 11:18:00] Da xoa archive cu: ban1_1117.mp4
[2026-07-21 11:18:00] Loi xoa archive cu: [WinError 32] The process cannot access the file because it is being used by another process: 'D:\\lehuynhthuan\\bida_ai_system\\archive\\ban1_1118.mp4'
[2026-07-21 11:19:00] Da dong archive phut: 1118
[2026-07-21 11:19:00] Mo archive moi: D:\lehuynhthuan\bida_ai_system\archive\ban1_1119.mp4
[2026-07-21 11:19:00] Da xoa archive cu: ban1_1118.mp4
[2026-07-21 11:19:00] Loi xoa archive cu: [WinError 32] The process cannot access the file because it is being used by another process: 'D:\\lehuynhthuan\\bida_ai_system\\archive\\ban1_1119.mp4'
[2026-07-21 11:20:00] Da dong archive phut: 1119
[2026-07-21 11:20:00] Mo archive moi: D:\lehuynhthuan\bida_ai_system\archive\ban1_1120.mp4
[2026-07-21 11:20:00] Da xoa archive cu: ban1_1119.mp4
[2026-07-21 11:20:00] Loi xoa archive cu: [WinError 32] The process cannot access the file because it is being used by another process: 'D:\\lehuynhthuan\\bida_ai_system\\archive\\ban1_1120.mp4'
[2026-07-21 11:21:00] Da dong archive phut: 1120
[2026-07-21 11:21:00] Mo archive moi: D:\lehuynhthuan\bida_ai_system\archive\ban1_1121.mp4
[2026-07-21 11:21:00] Da xoa archive cu: ban1_1120.mp4
[2026-07-21 11:21:00] Loi xoa archive cu: [WinError 32] The process cannot access the file because it is being used by another process: 'D:\\lehuynhthuan\\bida_ai_system\\archive\\ban1_1121.mp4'
[2026-07-21 11:22:00] Da dong archive phut: 1121
[2026-07-21 11:22:00] Mo archive moi: D:\lehuynhthuan\bida_ai_system\archive\ban1_1122.mp4
[2026-07-21 11:22:00] Da xoa archive cu: ban1_1121.mp4
[2026-07-21 11:22:00] Loi xoa archive cu: [WinError 32] The process cannot access the file because it is being used by another process: 'D:\\lehuynhthuan\\bida_ai_system\\archive\\ban1_1122.mp4'
[2026-07-21 11:23:00] Da dong archive phut: 1122
[2026-07-21 11:23:00] Mo archive moi: D:\lehuynhthuan\bida_ai_system\archive\ban1_1123.mp4
[2026-07-21 11:23:00] Da xoa archive cu: ban1_1122.mp4
[2026-07-21 11:23:00] Loi xoa archive cu: [WinError 32] The process cannot access the file because it is being used by another process: 'D:\\lehuynhthuan\\bida_ai_system\\archive\\ban1_1123.mp4'
[2026-07-21 11:24:00] Da dong archive phut: 1123
[2026-07-21 11:24:00] Mo archive moi: D:\lehuynhthuan\bida_ai_system\archive\ban1_1124.mp4
[2026-07-21 11:24:00] Da xoa archive cu: ban1_1123.mp4
[2026-07-21 11:24:00] Loi xoa archive cu: [WinError 32] The process cannot access the file because it is being used by another process: 'D:\\lehuynhthuan\\bida_ai_system\\archive\\ban1_1124.mp4'
[2026-07-21 11:25:00] Da dong archive phut: 1124
[2026-07-21 11:25:00] Mo archive moi: D:\lehuynhthuan\bida_ai_system\archive\ban1_1125.mp4
[2026-07-21 11:25:00] Da xoa archive cu: ban1_1124.mp4
[2026-07-21 11:25:00] Loi xoa archive cu: [WinError 32] The process cannot access the file because it is being used by another process: 'D:\\lehuynhthuan\\bida_ai_system\\archive\\ban1_1125.mp4'
[2026-07-21 11:26:00] Da dong archive phut: 1125
[2026-07-21 11:26:00] Mo archive moi: D:\lehuynhthuan\bida_ai_system\archive\ban1_1126.mp4
[2026-07-21 11:26:00] Da xoa archive cu: ban1_1125.mp4
[2026-07-21 11:26:00] Loi xoa archive cu: [WinError 32] The process cannot access the file because it is being used by another process: 'D:\\lehuynhthuan\\bida_ai_system\\archive\\ban1_1126.mp4'
[2026-07-21 11:27:00] Da dong archive phut: 1126
[2026-07-21 11:27:00] Mo archive moi: D:\lehuynhthuan\bida_ai_system\archive\ban1_1127.mp4
[2026-07-21 11:27:00] Da xoa archive cu: ban1_1126.mp4
[2026-07-21 11:27:00] Loi xoa archive cu: [WinError 32] The process cannot access the file because it is being used by another process: 'D:\\lehuynhthuan\\bida_ai_system\\archive\\ban1_1127.mp4'
[2026-07-21 11:28:00] Da dong archive phut: 1127
[2026-07-21 11:28:00] Mo archive moi: D:\lehuynhthuan\bida_ai_system\archive\ban1_1128.mp4
[2026-07-21 11:28:00] Da xoa archive cu: ban1_1127.mp4
[2026-07-21 11:28:00] Loi xoa archive cu: [WinError 32] The process cannot access the file because it is being used by another process: 'D:\\lehuynhthuan\\bida_ai_system\\archive\\ban1_1128.mp4'
[2026-07-21 11:29:00] Da dong archive phut: 1128
[2026-07-21 11:29:00] Mo archive moi: D:\lehuynhthuan\bida_ai_system\archive\ban1_1129.mp4
[2026-07-21 11:29:00] Da xoa archive cu: ban1_1128.mp4
[2026-07-21 11:29:00] Loi xoa archive cu: [WinError 32] The process cannot access the file because it is being used by another process: 'D:\\lehuynhthuan\\bida_ai_system\\archive\\ban1_1129.mp4'
[2026-07-21 11:30:00] Da dong archive phut: 1129
[2026-07-21 11:30:00] Mo archive moi: D:\lehuynhthuan\bida_ai_system\archive\ban1_1130.mp4
[2026-07-21 11:30:00] Da xoa archive cu: ban1_1129.mp4
[2026-07-21 11:30:00] Loi xoa archive cu: [WinError 32] The process cannot access the file because it is being used by another process: 'D:\\lehuynhthuan\\bida_ai_system\\archive\\ban1_1130.mp4'
[2026-07-21 11:31:00] Da dong archive phut: 1130
[2026-07-21 11:31:00] Mo archive moi: D:\lehuynhthuan\bida_ai_system\archive\ban1_1131.mp4
[2026-07-21 11:31:00] Da xoa archive cu: ban1_1130.mp4
[2026-07-21 11:31:00] Loi xoa archive cu: [WinError 32] The process cannot access the file because it is being used by another process: 'D:\\lehuynhthuan\\bida_ai_system\\archive\\ban1_1131.mp4'
[2026-07-21 11:32:00] Da dong archive phut: 1131
[2026-07-21 11:32:00] Mo archive moi: D:\lehuynhthuan\bida_ai_system\archive\ban1_1132.mp4
[2026-07-21 11:32:00] Da xoa archive cu: ban1_1131.mp4
[2026-07-21 11:32:00] Loi xoa archive cu: [WinError 32] The process cannot access the file because it is being used by another process: 'D:\\lehuynhthuan\\bida_ai_system\\archive\\ban1_1132.mp4'
[2026-07-21 11:33:00] Da dong archive phut: 1132
[2026-07-21 11:33:00] Mo archive moi: D:\lehuynhthuan\bida_ai_system\archive\ban1_1133.mp4
[2026-07-21 11:33:00] Da xoa archive cu: ban1_1132.mp4
[2026-07-21 11:33:00] Loi xoa archive cu: [WinError 32] The process cannot access the file because it is being used by another process: 'D:\\lehuynhthuan\\bida_ai_system\\archive\\ban1_1133.mp4'
[2026-07-21 11:34:00] Da dong archive phut: 1133
[2026-07-21 11:34:00] Mo archive moi: D:\lehuynhthuan\bida_ai_system\archive\ban1_1134.mp4
[2026-07-21 11:34:00] Da xoa archive cu: ban1_1133.mp4
[2026-07-21 11:34:00] Loi xoa archive cu: [WinError 32] The process cannot access the file because it is being used by another process: 'D:\\lehuynhthuan\\bida_ai_system\\archive\\ban1_1134.mp4'
[2026-07-21 11:35:00] Da dong archive phut: 1134
[2026-07-21 11:35:00] Mo archive moi: D:\lehuynhthuan\bida_ai_system\archive\ban1_1135.mp4
[2026-07-21 11:35:00] Da xoa archive cu: ban1_1134.mp4
[2026-07-21 11:35:00] Loi xoa archive cu: [WinError 32] The process cannot access the file because it is being used by another process: 'D:\\lehuynhthuan\\bida_ai_system\\archive\\ban1_1135.mp4'
[2026-07-21 11:36:00] Da dong archive phut: 1135
[2026-07-21 11:36:00] Mo archive moi: D:\lehuynhthuan\bida_ai_system\archive\ban1_1136.mp4
[2026-07-21 11:36:00] Da xoa archive cu: ban1_1135.mp4
[2026-07-21 11:36:00] Loi xoa archive cu: [WinError 32] The process cannot access the file because it is being used by another process: 'D:\\lehuynhthuan\\bida_ai_system\\archive\\ban1_1136.mp4'
[2026-07-21 11:37:00] Da dong archive phut: 1136
[2026-07-21 11:37:00] Mo archive moi: D:\lehuynhthuan\bida_ai_system\archive\ban1_1137.mp4
[2026-07-21 11:37:00] Da xoa archive cu: ban1_1136.mp4
[2026-07-21 11:37:00] Loi xoa archive cu: [WinError 32] The process cannot access the file because it is being used by another process: 'D:\\lehuynhthuan\\bida_ai_system\\archive\\ban1_1137.mp4'
[2026-07-21 11:38:00] Da dong archive phut: 1137
[2026-07-21 11:38:00] Mo archive moi: D:\lehuynhthuan\bida_ai_system\archive\ban1_1138.mp4
[2026-07-21 11:38:00] Da xoa archive cu: ban1_1137.mp4
[2026-07-21 11:38:00] Loi xoa archive cu: [WinError 32] The process cannot access the file because it is being used by another process: 'D:\\lehuynhthuan\\bida_ai_system\\archive\\ban1_1138.mp4'
[2026-07-21 11:39:00] Da dong archive phut: 1138
[2026-07-21 11:39:00] Mo archive moi: D:\lehuynhthuan\bida_ai_system\archive\ban1_1139.mp4
[2026-07-21 11:39:00] Da xoa archive cu: ban1_1138.mp4
[2026-07-21 11:39:00] Loi xoa archive cu: [WinError 32] The process cannot access the file because it is being used by another process: 'D:\\lehuynhthuan\\bida_ai_system\\archive\\ban1_1139.mp4'
[2026-07-21 11:40:00] Da dong archive phut: 1139
[2026-07-21 11:40:00] Mo archive moi: D:\lehuynhthuan\bida_ai_system\archive\ban1_1140.mp4
[2026-07-21 11:40:00] Da xoa archive cu: ban1_1139.mp4
[2026-07-21 11:40:00] Loi xoa archive cu: [WinError 32] The process cannot access the file because it is being used by another process: 'D:\\lehuynhthuan\\bida_ai_system\\archive\\ban1_1140.mp4'
[2026-07-21 11:41:00] Da dong archive phut: 1140
[2026-07-21 11:41:00] Mo archive moi: D:\lehuynhthuan\bida_ai_system\archive\ban1_1141.mp4
[2026-07-21 11:41:00] Da xoa archive cu: ban1_1140.mp4
[2026-07-21 11:41:00] Loi xoa archive cu: [WinError 32] The process cannot access the file because it is being used by another process: 'D:\\lehuynhthuan\\bida_ai_system\\archive\\ban1_1141.mp4'
[2026-07-21 11:42:00] Da dong archive phut: 1141
[2026-07-21 11:42:00] Mo archive moi: D:\lehuynhthuan\bida_ai_system\archive\ban1_1142.mp4
[2026-07-21 11:42:00] Da xoa archive cu: ban1_1141.mp4
[2026-07-21 11:42:00] Loi xoa archive cu: [WinError 32] The process cannot access the file because it is being used by another process: 'D:\\lehuynhthuan\\bida_ai_system\\archive\\ban1_1142.mp4'
[2026-07-21 11:43:00] Da dong archive phut: 1142
[2026-07-21 11:43:00] Mo archive moi: D:\lehuynhthuan\bida_ai_system\archive\ban1_1143.mp4
[2026-07-21 11:43:00] Da xoa archive cu: ban1_1142.mp4
[2026-07-21 11:43:00] Loi xoa archive cu: [WinError 32] The process cannot access the file because it is being used by another process: 'D:\\lehuynhthuan\\bida_ai_system\\archive\\ban1_1143.mp4'
[2026-07-21 11:44:00] Da dong archive phut: 1143
[2026-07-21 11:44:00] Mo archive moi: D:\lehuynhthuan\bida_ai_system\archive\ban1_1144.mp4
[2026-07-21 11:44:00] Da xoa archive cu: ban1_1143.mp4
[2026-07-21 11:44:00] Loi xoa archive cu: [WinError 32] The process cannot access the file because it is being used by another process: 'D:\\lehuynhthuan\\bida_ai_system\\archive\\ban1_1144.mp4'
[2026-07-21 11:45:00] Da dong archive phut: 1144
[2026-07-21 11:45:00] Mo archive moi: D:\lehuynhthuan\bida_ai_system\archive\ban1_1145.mp4
[2026-07-21 11:45:00] Da xoa archive cu: ban1_1144.mp4
[2026-07-21 11:45:00] Loi xoa archive cu: [WinError 32] The process cannot access the file because it is being used by another process: 'D:\\lehuynhthuan\\bida_ai_system\\archive\\ban1_1145.mp4'
[2026-07-21 11:46:00] Da dong archive phut: 1145
[2026-07-21 11:46:00] Mo archive moi: D:\lehuynhthuan\bida_ai_system\archive\ban1_1146.mp4
[2026-07-21 11:46:00] Da xoa archive cu: ban1_1145.mp4
[2026-07-21 11:46:00] Loi xoa archive cu: [WinError 32] The process cannot access the file because it is being used by another process: 'D:\\lehuynhthuan\\bida_ai_system\\archive\\ban1_1146.mp4'
[2026-07-21 11:47:00] Da dong archive phut: 1146
[2026-07-21 11:47:00] Mo archive moi: D:\lehuynhthuan\bida_ai_system\archive\ban1_1147.mp4
[2026-07-21 11:47:00] Da xoa archive cu: ban1_1146.mp4
[2026-07-21 11:47:00] Loi xoa archive cu: [WinError 32] The process cannot access the file because it is being used by another process: 'D:\\lehuynhthuan\\bida_ai_system\\archive\\ban1_1147.mp4'
[2026-07-21 11:48:00] Da dong archive phut: 1147
[2026-07-21 11:48:00] Mo archive moi: D:\lehuynhthuan\bida_ai_system\archive\ban1_1148.mp4
[2026-07-21 11:48:00] Da xoa archive cu: ban1_1147.mp4
[2026-07-21 11:48:00] Loi xoa archive cu: [WinError 32] The process cannot access the file because it is being used by another process: 'D:\\lehuynhthuan\\bida_ai_system\\archive\\ban1_1148.mp4'
[2026-07-21 11:49:00] Da dong archive phut: 1148
[2026-07-21 11:49:00] Mo archive moi: D:\lehuynhthuan\bida_ai_system\archive\ban1_1149.mp4
[2026-07-21 11:49:00] Da xoa archive cu: ban1_1148.mp4
[2026-07-21 11:49:00] Loi xoa archive cu: [WinError 32] The process cannot access the file because it is being used by another process: 'D:\\lehuynhthuan\\bida_ai_system\\archive\\ban1_1149.mp4'
[2026-07-21 11:50:00] Da dong archive phut: 1149
[2026-07-21 11:50:00] Mo archive moi: D:\lehuynhthuan\bida_ai_system\archive\ban1_1150.mp4
[2026-07-21 11:50:00] Da xoa archive cu: ban1_1149.mp4
[2026-07-21 11:50:00] Loi xoa archive cu: [WinError 32] The process cannot access the file because it is being used by another process: 'D:\\lehuynhthuan\\bida_ai_system\\archive\\ban1_1150.mp4'
[2026-07-21 11:51:00] Da dong archive phut: 1150
[2026-07-21 11:51:00] Mo archive moi: D:\lehuynhthuan\bida_ai_system\archive\ban1_1151.mp4
[2026-07-21 11:51:00] Da xoa archive cu: ban1_1150.mp4
[2026-07-21 11:51:00] Loi xoa archive cu: [WinError 32] The process cannot access the file because it is being used by another process: 'D:\\lehuynhthuan\\bida_ai_system\\archive\\ban1_1151.mp4'
[2026-07-21 11:52:00] Da dong archive phut: 1151
[2026-07-21 11:52:00] Mo archive moi: D:\lehuynhthuan\bida_ai_system\archive\ban1_1152.mp4
[2026-07-21 11:52:00] Da xoa archive cu: ban1_1151.mp4
[2026-07-21 11:52:00] Loi xoa archive cu: [WinError 32] The process cannot access the file because it is being used by another process: 'D:\\lehuynhthuan\\bida_ai_system\\archive\\ban1_1152.mp4'
[2026-07-21 11:53:00] Da dong archive phut: 1152
[2026-07-21 11:53:00] Mo archive moi: D:\lehuynhthuan\bida_ai_system\archive\ban1_1153.mp4
[2026-07-21 11:53:00] Da xoa archive cu: ban1_1152.mp4
[2026-07-21 11:53:00] Loi xoa archive cu: [WinError 32] The process cannot access the file because it is being used by another process: 'D:\\lehuynhthuan\\bida_ai_system\\archive\\ban1_1153.mp4'
[2026-07-21 11:54:00] Da dong archive phut: 1153
[2026-07-21 11:54:00] Mo archive moi: D:\lehuynhthuan\bida_ai_system\archive\ban1_1154.mp4
[2026-07-21 11:54:00] Da xoa archive cu: ban1_1153.mp4
[2026-07-21 11:54:00] Loi xoa archive cu: [WinError 32] The process cannot access the file because it is being used by another process: 'D:\\lehuynhthuan\\bida_ai_system\\archive\\ban1_1154.mp4'
[2026-07-21 11:55:00] Da dong archive phut: 1154
[2026-07-21 11:55:00] Mo archive moi: D:\lehuynhthuan\bida_ai_system\archive\ban1_1155.mp4
[2026-07-21 11:55:00] Da xoa archive cu: ban1_1154.mp4
[2026-07-21 11:55:00] Loi xoa archive cu: [WinError 32] The process cannot access the file because it is being used by another process: 'D:\\lehuynhthuan\\bida_ai_system\\archive\\ban1_1155.mp4'
[2026-07-21 11:56:00] Da dong archive phut: 1155
[2026-07-21 11:56:00] Mo archive moi: D:\lehuynhthuan\bida_ai_system\archive\ban1_1156.mp4
[2026-07-21 11:56:00] Da xoa archive cu: ban1_1155.mp4
[2026-07-21 11:56:00] Loi xoa archive cu: [WinError 32] The process cannot access the file because it is being used by another process: 'D:\\lehuynhthuan\\bida_ai_system\\archive\\ban1_1156.mp4'
[2026-07-21 11:57:00] Da dong archive phut: 1156
[2026-07-21 11:57:00] Mo archive moi: D:\lehuynhthuan\bida_ai_system\archive\ban1_1157.mp4
[2026-07-21 11:57:00] Da xoa archive cu: ban1_1156.mp4
[2026-07-21 11:57:00] Loi xoa archive cu: [WinError 32] The process cannot access the file because it is being used by another process: 'D:\\lehuynhthuan\\bida_ai_system\\archive\\ban1_1157.mp4'
[2026-07-21 11:58:00] Da dong archive phut: 1157
[2026-07-21 11:58:00] Mo archive moi: D:\lehuynhthuan\bida_ai_system\archive\ban1_1158.mp4
[2026-07-21 11:58:00] Da xoa archive cu: ban1_1157.mp4
[2026-07-21 11:58:00] Loi xoa archive cu: [WinError 32] The process cannot access the file because it is being used by another process: 'D:\\lehuynhthuan\\bida_ai_system\\archive\\ban1_1158.mp4'
[2026-07-21 11:59:00] Da dong archive phut: 1158
[2026-07-21 11:59:00] Mo archive moi: D:\lehuynhthuan\bida_ai_system\archive\ban1_1159.mp4
[2026-07-21 11:59:00] Da xoa archive cu: ban1_1158.mp4
[2026-07-21 11:59:00] Loi xoa archive cu: [WinError 32] The process cannot access the file because it is being used by another process: 'D:\\lehuynhthuan\\bida_ai_system\\archive\\ban1_1159.mp4'
[2026-07-21 12:00:00] Da dong archive phut: 1159
[2026-07-21 12:00:00] Mo archive moi: D:\lehuynhthuan\bida_ai_system\archive\ban1_1200.mp4
[2026-07-21 12:00:00] Da xoa archive cu: ban1_1159.mp4
[2026-07-21 12:00:00] Loi xoa archive cu: [WinError 32] The process cannot access the file because it is being used by another process: 'D:\\lehuynhthuan\\bida_ai_system\\archive\\ban1_1200.mp4'
[2026-07-21 12:01:00] Da dong archive phut: 1200
[2026-07-21 12:01:00] Mo archive moi: D:\lehuynhthuan\bida_ai_system\archive\ban1_1201.mp4
[2026-07-21 12:01:00] Da xoa archive cu: ban1_1200.mp4
[2026-07-21 12:01:00] Loi xoa archive cu: [WinError 32] The process cannot access the file because it is being used by another process: 'D:\\lehuynhthuan\\bida_ai_system\\archive\\ban1_1201.mp4'
[2026-07-21 12:02:00] Da dong archive phut: 1201
[2026-07-21 12:02:00] Mo archive moi: D:\lehuynhthuan\bida_ai_system\archive\ban1_1202.mp4
[2026-07-21 12:02:00] Da xoa archive cu: ban1_1201.mp4
[2026-07-21 12:02:00] Loi xoa archive cu: [WinError 32] The process cannot access the file because it is being used by another process: 'D:\\lehuynhthuan\\bida_ai_system\\archive\\ban1_1202.mp4'
[2026-07-21 12:03:00] Da dong archive phut: 1202
[2026-07-21 12:03:00] Mo archive moi: D:\lehuynhthuan\bida_ai_system\archive\ban1_1203.mp4
[2026-07-21 12:03:00] Da xoa archive cu: ban1_1202.mp4
[2026-07-21 12:03:00] Loi xoa archive cu: [WinError 32] The process cannot access the file because it is being used by another process: 'D:\\lehuynhthuan\\bida_ai_system\\archive\\ban1_1203.mp4'
[2026-07-21 12:04:00] Da dong archive phut: 1203
[2026-07-21 12:04:00] Mo archive moi: D:\lehuynhthuan\bida_ai_system\archive\ban1_1204.mp4
[2026-07-21 12:04:00] Da xoa archive cu: ban1_1203.mp4
[2026-07-21 12:04:00] Loi xoa archive cu: [WinError 32] The process cannot access the file because it is being used by another process: 'D:\\lehuynhthuan\\bida_ai_system\\archive\\ban1_1204.mp4'
[2026-07-21 12:05:00] Da dong archive phut: 1204
[2026-07-21 12:05:00] Mo archive moi: D:\lehuynhthuan\bida_ai_system\archive\ban1_1205.mp4
[2026-07-21 12:05:00] Da xoa archive cu: ban1_1204.mp4
[2026-07-21 12:05:00] Loi xoa archive cu: [WinError 32] The process cannot access the file because it is being used by another process: 'D:\\lehuynhthuan\\bida_ai_system\\archive\\ban1_1205.mp4'
[2026-07-21 12:06:00] Da dong archive phut: 1205
[2026-07-21 12:06:00] Mo archive moi: D:\lehuynhthuan\bida_ai_system\archive\ban1_1206.mp4
[2026-07-21 12:06:00] Da xoa archive cu: ban1_1205.mp4
[2026-07-21 12:06:00] Loi xoa archive cu: [WinError 32] The process cannot access the file because it is being used by another process: 'D:\\lehuynhthuan\\bida_ai_system\\archive\\ban1_1206.mp4'
[2026-07-21 12:07:00] Da dong archive phut: 1206
[2026-07-21 12:07:00] Mo archive moi: D:\lehuynhthuan\bida_ai_system\archive\ban1_1207.mp4
[2026-07-21 12:07:00] Da xoa archive cu: ban1_1206.mp4
[2026-07-21 12:07:00] Loi xoa archive cu: [WinError 32] The process cannot access the file because it is being used by another process: 'D:\\lehuynhthuan\\bida_ai_system\\archive\\ban1_1207.mp4'
[2026-07-21 12:08:00] Da dong archive phut: 1207
[2026-07-21 12:08:00] Mo archive moi: D:\lehuynhthuan\bida_ai_system\archive\ban1_1208.mp4
[2026-07-21 12:08:00] Da xoa archive cu: ban1_1207.mp4
[2026-07-21 12:08:00] Loi xoa archive cu: [WinError 32] The process cannot access the file because it is being used by another process: 'D:\\lehuynhthuan\\bida_ai_system\\archive\\ban1_1208.mp4'
[2026-07-21 12:09:00] Da dong archive phut: 1208
[2026-07-21 12:09:00] Mo archive moi: D:\lehuynhthuan\bida_ai_system\archive\ban1_1209.mp4
[2026-07-21 12:09:00] Da xoa archive cu: ban1_1208.mp4
[2026-07-21 12:09:00] Loi xoa archive cu: [WinError 32] The process cannot access the file because it is being used by another process: 'D:\\lehuynhthuan\\bida_ai_system\\archive\\ban1_1209.mp4'
[2026-07-21 12:10:00] Da dong archive phut: 1209
[2026-07-21 12:10:00] Mo archive moi: D:\lehuynhthuan\bida_ai_system\archive\ban1_1210.mp4
[2026-07-21 12:10:00] Da xoa archive cu: ban1_1209.mp4
[2026-07-21 12:10:00] Loi xoa archive cu: [WinError 32] The process cannot access the file because it is being used by another process: 'D:\\lehuynhthuan\\bida_ai_system\\archive\\ban1_1210.mp4'
[2026-07-21 12:11:00] Da dong archive phut: 1210
[2026-07-21 12:11:00] Mo archive moi: D:\lehuynhthuan\bida_ai_system\archive\ban1_1211.mp4
[2026-07-21 12:11:00] Da xoa archive cu: ban1_1210.mp4
[2026-07-21 12:11:00] Loi xoa archive cu: [WinError 32] The process cannot access the file because it is being used by another process: 'D:\\lehuynhthuan\\bida_ai_system\\archive\\ban1_1211.mp4'
[2026-07-21 12:12:00] Da dong archive phut: 1211
[2026-07-21 12:12:00] Mo archive moi: D:\lehuynhthuan\bida_ai_system\archive\ban1_1212.mp4
[2026-07-21 12:12:00] Da xoa archive cu: ban1_1211.mp4
[2026-07-21 12:12:00] Loi xoa archive cu: [WinError 32] The process cannot access the file because it is being used by another process: 'D:\\lehuynhthuan\\bida_ai_system\\archive\\ban1_1212.mp4'
[2026-07-21 12:13:00] Da dong archive phut: 1212
[2026-07-21 12:13:00] Mo archive moi: D:\lehuynhthuan\bida_ai_system\archive\ban1_1213.mp4
[2026-07-21 12:13:00] Da xoa archive cu: ban1_1212.mp4
[2026-07-21 12:13:00] Loi xoa archive cu: [WinError 32] The process cannot access the file because it is being used by another process: 'D:\\lehuynhthuan\\bida_ai_system\\archive\\ban1_1213.mp4'
[2026-07-21 12:14:00] Da dong archive phut: 1213
[2026-07-21 12:14:00] Mo archive moi: D:\lehuynhthuan\bida_ai_system\archive\ban1_1214.mp4
[2026-07-21 12:14:00] Da xoa archive cu: ban1_1213.mp4
[2026-07-21 12:14:00] Loi xoa archive cu: [WinError 32] The process cannot access the file because it is being used by another process: 'D:\\lehuynhthuan\\bida_ai_system\\archive\\ban1_1214.mp4'
[2026-07-21 12:15:00] Da dong archive phut: 1214
[2026-07-21 12:15:00] Mo archive moi: D:\lehuynhthuan\bida_ai_system\archive\ban1_1215.mp4
[2026-07-21 12:15:00] Da xoa archive cu: ban1_1214.mp4
[2026-07-21 12:15:00] Loi xoa archive cu: [WinError 32] The process cannot access the file because it is being used by another process: 'D:\\lehuynhthuan\\bida_ai_system\\archive\\ban1_1215.mp4'
[2026-07-21 12:16:00] Da dong archive phut: 1215
[2026-07-21 12:16:00] Mo archive moi: D:\lehuynhthuan\bida_ai_system\archive\ban1_1216.mp4
[2026-07-21 12:16:00] Da xoa archive cu: ban1_1215.mp4
[2026-07-21 12:16:00] Loi xoa archive cu: [WinError 32] The process cannot access the file because it is being used by another process: 'D:\\lehuynhthuan\\bida_ai_system\\archive\\ban1_1216.mp4'
[2026-07-21 12:17:00] Da dong archive phut: 1216
[2026-07-21 12:17:00] Mo archive moi: D:\lehuynhthuan\bida_ai_system\archive\ban1_1217.mp4
[2026-07-21 12:17:00] Da xoa archive cu: ban1_1216.mp4
[2026-07-21 12:17:00] Loi xoa archive cu: [WinError 32] The process cannot access the file because it is being used by another process: 'D:\\lehuynhthuan\\bida_ai_system\\archive\\ban1_1217.mp4'
[2026-07-21 12:18:00] Da dong archive phut: 1217
[2026-07-21 12:18:00] Mo archive moi: D:\lehuynhthuan\bida_ai_system\archive\ban1_1218.mp4
[2026-07-21 12:18:00] Da xoa archive cu: ban1_1217.mp4
[2026-07-21 12:18:00] Loi xoa archive cu: [WinError 32] The process cannot access the file because it is being used by another process: 'D:\\lehuynhthuan\\bida_ai_system\\archive\\ban1_1218.mp4'
[2026-07-21 12:19:00] Da dong archive phut: 1218
[2026-07-21 12:19:00] Mo archive moi: D:\lehuynhthuan\bida_ai_system\archive\ban1_1219.mp4
[2026-07-21 12:19:00] Da xoa archive cu: ban1_1218.mp4
[2026-07-21 12:19:00] Loi xoa archive cu: [WinError 32] The process cannot access the file because it is being used by another process: 'D:\\lehuynhthuan\\bida_ai_system\\archive\\ban1_1219.mp4'
[2026-07-21 12:20:00] Da dong archive phut: 1219
[2026-07-21 12:20:00] Mo archive moi: D:\lehuynhthuan\bida_ai_system\archive\ban1_1220.mp4
[2026-07-21 12:20:00] Da xoa archive cu: ban1_1219.mp4
[2026-07-21 12:20:00] Loi xoa archive cu: [WinError 32] The process cannot access the file because it is being used by another process: 'D:\\lehuynhthuan\\bida_ai_system\\archive\\ban1_1220.mp4'
[2026-07-21 12:21:00] Da dong archive phut: 1220
[2026-07-21 12:21:00] Mo archive moi: D:\lehuynhthuan\bida_ai_system\archive\ban1_1221.mp4
[2026-07-21 12:21:00] Da xoa archive cu: ban1_1220.mp4
[2026-07-21 12:21:00] Loi xoa archive cu: [WinError 32] The process cannot access the file because it is being used by another process: 'D:\\lehuynhthuan\\bida_ai_system\\archive\\ban1_1221.mp4'
[2026-07-21 12:22:00] Da dong archive phut: 1221
[2026-07-21 12:22:00] Mo archive moi: D:\lehuynhthuan\bida_ai_system\archive\ban1_1222.mp4
[2026-07-21 12:22:00] Da xoa archive cu: ban1_1221.mp4
[2026-07-21 12:22:00] Loi xoa archive cu: [WinError 32] The process cannot access the file because it is being used by another process: 'D:\\lehuynhthuan\\bida_ai_system\\archive\\ban1_1222.mp4'
[2026-07-21 12:23:00] Da dong archive phut: 1222
[2026-07-21 12:23:00] Mo archive moi: D:\lehuynhthuan\bida_ai_system\archive\ban1_1223.mp4
[2026-07-21 12:23:00] Da xoa archive cu: ban1_1222.mp4
[2026-07-21 12:23:00] Loi xoa archive cu: [WinError 32] The process cannot access the file because it is being used by another process: 'D:\\lehuynhthuan\\bida_ai_system\\archive\\ban1_1223.mp4'
[2026-07-21 12:24:00] Da dong archive phut: 1223
[2026-07-21 12:24:00] Mo archive moi: D:\lehuynhthuan\bida_ai_system\archive\ban1_1224.mp4
[2026-07-21 12:24:00] Da xoa archive cu: ban1_1223.mp4
[2026-07-21 12:24:00] Loi xoa archive cu: [WinError 32] The process cannot access the file because it is being used by another process: 'D:\\lehuynhthuan\\bida_ai_system\\archive\\ban1_1224.mp4'
[2026-07-21 12:25:00] Da dong archive phut: 1224
[2026-07-21 12:25:00] Mo archive moi: D:\lehuynhthuan\bida_ai_system\archive\ban1_1225.mp4
[2026-07-21 12:25:00] Da xoa archive cu: ban1_1224.mp4
[2026-07-21 12:25:00] Loi xoa archive cu: [WinError 32] The process cannot access the file because it is being used by another process: 'D:\\lehuynhthuan\\bida_ai_system\\archive\\ban1_1225.mp4'
[2026-07-21 12:26:00] Da dong archive phut: 1225
[2026-07-21 12:26:00] Mo archive moi: D:\lehuynhthuan\bida_ai_system\archive\ban1_1226.mp4
[2026-07-21 12:26:00] Da xoa archive cu: ban1_1225.mp4
[2026-07-21 12:26:00] Loi xoa archive cu: [WinError 32] The process cannot access the file because it is being used by another process: 'D:\\lehuynhthuan\\bida_ai_system\\archive\\ban1_1226.mp4'
[2026-07-21 12:27:00] Da dong archive phut: 1226
[2026-07-21 12:27:00] Mo archive moi: D:\lehuynhthuan\bida_ai_system\archive\ban1_1227.mp4
[2026-07-21 12:27:00] Da xoa archive cu: ban1_1226.mp4
[2026-07-21 12:27:00] Loi xoa archive cu: [WinError 32] The process cannot access the file because it is being used by another process: 'D:\\lehuynhthuan\\bida_ai_system\\archive\\ban1_1227.mp4'
[2026-07-21 12:28:00] Da dong archive phut: 1227
[2026-07-21 12:28:00] Mo archive moi: D:\lehuynhthuan\bida_ai_system\archive\ban1_1228.mp4
[2026-07-21 12:28:00] Da xoa archive cu: ban1_1227.mp4
[2026-07-21 12:28:00] Loi xoa archive cu: [WinError 32] The process cannot access the file because it is being used by another process: 'D:\\lehuynhthuan\\bida_ai_system\\archive\\ban1_1228.mp4'
[2026-07-21 12:29:00] Da dong archive phut: 1228
[2026-07-21 12:29:00] Mo archive moi: D:\lehuynhthuan\bida_ai_system\archive\ban1_1229.mp4
[2026-07-21 12:29:00] Da xoa archive cu: ban1_1228.mp4
[2026-07-21 12:29:00] Loi xoa archive cu: [WinError 32] The process cannot access the file because it is being used by another process: 'D:\\lehuynhthuan\\bida_ai_system\\archive\\ban1_1229.mp4'
[2026-07-21 12:30:00] Da dong archive phut: 1229
[2026-07-21 12:30:00] Mo archive moi: D:\lehuynhthuan\bida_ai_system\archive\ban1_1230.mp4
[2026-07-21 12:30:00] Da xoa archive cu: ban1_1229.mp4
[2026-07-21 12:30:00] Loi xoa archive cu: [WinError 32] The process cannot access the file because it is being used by another process: 'D:\\lehuynhthuan\\bida_ai_system\\archive\\ban1_1230.mp4'
[2026-07-21 12:31:00] Da dong archive phut: 1230
[2026-07-21 12:31:00] Mo archive moi: D:\lehuynhthuan\bida_ai_system\archive\ban1_1231.mp4
[2026-07-21 12:31:00] Da xoa archive cu: ban1_1230.mp4
[2026-07-21 12:31:00] Loi xoa archive cu: [WinError 32] The process cannot access the file because it is being used by another process: 'D:\\lehuynhthuan\\bida_ai_system\\archive\\ban1_1231.mp4'
[2026-07-21 12:32:00] Da dong archive phut: 1231
[2026-07-21 12:32:00] Mo archive moi: D:\lehuynhthuan\bida_ai_system\archive\ban1_1232.mp4
[2026-07-21 12:32:00] Da xoa archive cu: ban1_1231.mp4
[2026-07-21 12:32:00] Loi xoa archive cu: [WinError 32] The process cannot access the file because it is being used by another process: 'D:\\lehuynhthuan\\bida_ai_system\\archive\\ban1_1232.mp4'
[2026-07-21 12:33:00] Da dong archive phut: 1232
[2026-07-21 12:33:00] Mo archive moi: D:\lehuynhthuan\bida_ai_system\archive\ban1_1233.mp4
[2026-07-21 12:33:00] Da xoa archive cu: ban1_1232.mp4
[2026-07-21 12:33:00] Loi xoa archive cu: [WinError 32] The process cannot access the file because it is being used by another process: 'D:\\lehuynhthuan\\bida_ai_system\\archive\\ban1_1233.mp4'
[2026-07-21 12:34:00] Da dong archive phut: 1233
[2026-07-21 12:34:00] Mo archive moi: D:\lehuynhthuan\bida_ai_system\archive\ban1_1234.mp4
[2026-07-21 12:34:00] Da xoa archive cu: ban1_1233.mp4
[2026-07-21 12:34:00] Loi xoa archive cu: [WinError 32] The process cannot access the file because it is being used by another process: 'D:\\lehuynhthuan\\bida_ai_system\\archive\\ban1_1234.mp4'
[2026-07-21 12:35:00] Da dong archive phut: 1234
[2026-07-21 12:35:00] Mo archive moi: D:\lehuynhthuan\bida_ai_system\archive\ban1_1235.mp4
[2026-07-21 12:35:00] Da xoa archive cu: ban1_1234.mp4
[2026-07-21 12:35:00] Loi xoa archive cu: [WinError 32] The process cannot access the file because it is being used by another process: 'D:\\lehuynhthuan\\bida_ai_system\\archive\\ban1_1235.mp4'
[2026-07-21 12:36:00] Da dong archive phut: 1235
[2026-07-21 12:36:00] Mo archive moi: D:\lehuynhthuan\bida_ai_system\archive\ban1_1236.mp4
[2026-07-21 12:36:00] Da xoa archive cu: ban1_1235.mp4
[2026-07-21 12:36:00] Loi xoa archive cu: [WinError 32] The process cannot access the file because it is being used by another process: 'D:\\lehuynhthuan\\bida_ai_system\\archive\\ban1_1236.mp4'
[2026-07-21 12:37:00] Da dong archive phut: 1236
[2026-07-21 12:37:00] Mo archive moi: D:\lehuynhthuan\bida_ai_system\archive\ban1_1237.mp4
[2026-07-21 12:37:00] Da xoa archive cu: ban1_1236.mp4
[2026-07-21 12:37:00] Loi xoa archive cu: [WinError 32] The process cannot access the file because it is being used by another process: 'D:\\lehuynhthuan\\bida_ai_system\\archive\\ban1_1237.mp4'
[2026-07-21 12:38:00] Da dong archive phut: 1237
[2026-07-21 12:38:00] Mo archive moi: D:\lehuynhthuan\bida_ai_system\archive\ban1_1238.mp4
[2026-07-21 12:38:00] Da xoa archive cu: ban1_1237.mp4
[2026-07-21 12:38:00] Loi xoa archive cu: [WinError 32] The process cannot access the file because it is being used by another process: 'D:\\lehuynhthuan\\bida_ai_system\\archive\\ban1_1238.mp4'
[2026-07-21 12:39:00] Da dong archive phut: 1238
[2026-07-21 12:39:00] Mo archive moi: D:\lehuynhthuan\bida_ai_system\archive\ban1_1239.mp4
[2026-07-21 12:39:00] Da xoa archive cu: ban1_1238.mp4
[2026-07-21 12:39:00] Loi xoa archive cu: [WinError 32] The process cannot access the file because it is being used by another process: 'D:\\lehuynhthuan\\bida_ai_system\\archive\\ban1_1239.mp4'
[2026-07-21 12:40:00] Da dong archive phut: 1239
[2026-07-21 12:40:00] Mo archive moi: D:\lehuynhthuan\bida_ai_system\archive\ban1_1240.mp4
[2026-07-21 12:40:00] Da xoa archive cu: ban1_1239.mp4
[2026-07-21 12:40:00] Loi xoa archive cu: [WinError 32] The process cannot access the file because it is being used by another process: 'D:\\lehuynhthuan\\bida_ai_system\\archive\\ban1_1240.mp4'
[2026-07-21 12:41:00] Da dong archive phut: 1240
[2026-07-21 12:41:00] Mo archive moi: D:\lehuynhthuan\bida_ai_system\archive\ban1_1241.mp4
[2026-07-21 12:41:00] Da xoa archive cu: ban1_1240.mp4
[2026-07-21 12:41:00] Loi xoa archive cu: [WinError 32] The process cannot access the file because it is being used by another process: 'D:\\lehuynhthuan\\bida_ai_system\\archive\\ban1_1241.mp4'
[2026-07-21 12:42:00] Da dong archive phut: 1241
[2026-07-21 12:42:00] Mo archive moi: D:\lehuynhthuan\bida_ai_system\archive\ban1_1242.mp4
[2026-07-21 12:42:00] Da xoa archive cu: ban1_1241.mp4
[2026-07-21 12:42:00] Loi xoa archive cu: [WinError 32] The process cannot access the file because it is being used by another process: 'D:\\lehuynhthuan\\bida_ai_system\\archive\\ban1_1242.mp4'
[2026-07-21 12:43:00] Da dong archive phut: 1242
[2026-07-21 12:43:00] Mo archive moi: D:\lehuynhthuan\bida_ai_system\archive\ban1_1243.mp4
[2026-07-21 12:43:00] Da xoa archive cu: ban1_1242.mp4
[2026-07-21 12:43:00] Loi xoa archive cu: [WinError 32] The process cannot access the file because it is being used by another process: 'D:\\lehuynhthuan\\bida_ai_system\\archive\\ban1_1243.mp4'
[2026-07-21 12:44:00] Da dong archive phut: 1243
[2026-07-21 12:44:00] Mo archive moi: D:\lehuynhthuan\bida_ai_system\archive\ban1_1244.mp4
[2026-07-21 12:44:00] Da xoa archive cu: ban1_1243.mp4
[2026-07-21 12:44:00] Loi xoa archive cu: [WinError 32] The process cannot access the file because it is being used by another process: 'D:\\lehuynhthuan\\bida_ai_system\\archive\\ban1_1244.mp4'
[2026-07-21 12:45:00] Da dong archive phut: 1244
[2026-07-21 12:45:00] Mo archive moi: D:\lehuynhthuan\bida_ai_system\archive\ban1_1245.mp4
[2026-07-21 12:45:00] Da xoa archive cu: ban1_1244.mp4
[2026-07-21 12:45:00] Loi xoa archive cu: [WinError 32] The process cannot access the file because it is being used by another process: 'D:\\lehuynhthuan\\bida_ai_system\\archive\\ban1_1245.mp4'
[2026-07-21 12:46:00] Da dong archive phut: 1245
[2026-07-21 12:46:00] Mo archive moi: D:\lehuynhthuan\bida_ai_system\archive\ban1_1246.mp4
[2026-07-21 12:46:00] Da xoa archive cu: ban1_1245.mp4
[2026-07-21 12:46:00] Loi xoa archive cu: [WinError 32] The process cannot access the file because it is being used by another process: 'D:\\lehuynhthuan\\bida_ai_system\\archive\\ban1_1246.mp4'
[2026-07-21 12:47:00] Da dong archive phut: 1246
[2026-07-21 12:47:00] Mo archive moi: D:\lehuynhthuan\bida_ai_system\archive\ban1_1247.mp4
[2026-07-21 12:47:00] Da xoa archive cu: ban1_1246.mp4
[2026-07-21 12:47:00] Loi xoa archive cu: [WinError 32] The process cannot access the file because it is being used by another process: 'D:\\lehuynhthuan\\bida_ai_system\\archive\\ban1_1247.mp4'
[2026-07-21 12:48:00] Da dong archive phut: 1247
[2026-07-21 12:48:00] Mo archive moi: D:\lehuynhthuan\bida_ai_system\archive\ban1_1248.mp4
[2026-07-21 12:48:00] Da xoa archive cu: ban1_1247.mp4
[2026-07-21 12:48:00] Loi xoa archive cu: [WinError 32] The process cannot access the file because it is being used by another process: 'D:\\lehuynhthuan\\bida_ai_system\\archive\\ban1_1248.mp4'
[2026-07-21 12:49:00] Da dong archive phut: 1248
[2026-07-21 12:49:00] Mo archive moi: D:\lehuynhthuan\bida_ai_system\archive\ban1_1249.mp4
[2026-07-21 12:49:00] Da xoa archive cu: ban1_1248.mp4
[2026-07-21 12:49:00] Loi xoa archive cu: [WinError 32] The process cannot access the file because it is being used by another process: 'D:\\lehuynhthuan\\bida_ai_system\\archive\\ban1_1249.mp4'
[2026-07-21 12:50:00] Da dong archive phut: 1249
[2026-07-21 12:50:00] Mo archive moi: D:\lehuynhthuan\bida_ai_system\archive\ban1_1250.mp4
[2026-07-21 12:50:00] Da xoa archive cu: ban1_1249.mp4
[2026-07-21 12:50:00] Loi xoa archive cu: [WinError 32] The process cannot access the file because it is being used by another process: 'D:\\lehuynhthuan\\bida_ai_system\\archive\\ban1_1250.mp4'
[2026-07-21 12:51:00] Da dong archive phut: 1250
[2026-07-21 12:51:00] Mo archive moi: D:\lehuynhthuan\bida_ai_system\archive\ban1_1251.mp4
[2026-07-21 12:51:00] Da xoa archive cu: ban1_1250.mp4
[2026-07-21 12:51:00] Loi xoa archive cu: [WinError 32] The process cannot access the file because it is being used by another process: 'D:\\lehuynhthuan\\bida_ai_system\\archive\\ban1_1251.mp4'
[2026-07-21 12:52:00] Da dong archive phut: 1251
[2026-07-21 12:52:00] Mo archive moi: D:\lehuynhthuan\bida_ai_system\archive\ban1_1252.mp4
[2026-07-21 12:52:00] Da xoa archive cu: ban1_1251.mp4
[2026-07-21 12:52:00] Loi xoa archive cu: [WinError 32] The process cannot access the file because it is being used by another process: 'D:\\lehuynhthuan\\bida_ai_system\\archive\\ban1_1252.mp4'
[2026-07-21 12:53:00] Da dong archive phut: 1252
[2026-07-21 12:53:00] Mo archive moi: D:\lehuynhthuan\bida_ai_system\archive\ban1_1253.mp4
[2026-07-21 12:53:00] Da xoa archive cu: ban1_1252.mp4
[2026-07-21 12:53:00] Loi xoa archive cu: [WinError 32] The process cannot access the file because it is being used by another process: 'D:\\lehuynhthuan\\bida_ai_system\\archive\\ban1_1253.mp4'
[2026-07-21 12:54:00] Da dong archive phut: 1253
[2026-07-21 12:54:00] Mo archive moi: D:\lehuynhthuan\bida_ai_system\archive\ban1_1254.mp4
[2026-07-21 12:54:00] Da xoa archive cu: ban1_1253.mp4
[2026-07-21 12:54:00] Loi xoa archive cu: [WinError 32] The process cannot access the file because it is being used by another process: 'D:\\lehuynhthuan\\bida_ai_system\\archive\\ban1_1254.mp4'
[2026-07-21 12:55:00] Da dong archive phut: 1254
[2026-07-21 12:55:00] Mo archive moi: D:\lehuynhthuan\bida_ai_system\archive\ban1_1255.mp4
[2026-07-21 12:55:00] Da xoa archive cu: ban1_1254.mp4
[2026-07-21 12:55:00] Loi xoa archive cu: [WinError 32] The process cannot access the file because it is being used by another process: 'D:\\lehuynhthuan\\bida_ai_system\\archive\\ban1_1255.mp4'
[2026-07-21 12:56:00] Da dong archive phut: 1255
[2026-07-21 12:56:00] Mo archive moi: D:\lehuynhthuan\bida_ai_system\archive\ban1_1256.mp4
[2026-07-21 12:56:00] Da xoa archive cu: ban1_1255.mp4
[2026-07-21 12:56:00] Loi xoa archive cu: [WinError 32] The process cannot access the file because it is being used by another process: 'D:\\lehuynhthuan\\bida_ai_system\\archive\\ban1_1256.mp4'
[2026-07-21 12:57:00] Da dong archive phut: 1256
[2026-07-21 12:57:00] Mo archive moi: D:\lehuynhthuan\bida_ai_system\archive\ban1_1257.mp4
[2026-07-21 12:57:00] Da xoa archive cu: ban1_1256.mp4
[2026-07-21 12:57:00] Loi xoa archive cu: [WinError 32] The process cannot access the file because it is being used by another process: 'D:\\lehuynhthuan\\bida_ai_system\\archive\\ban1_1257.mp4'
[2026-07-21 12:58:00] Da dong archive phut: 1257
[2026-07-21 12:58:00] Mo archive moi: D:\lehuynhthuan\bida_ai_system\archive\ban1_1258.mp4
[2026-07-21 12:58:00] Da xoa archive cu: ban1_1257.mp4
[2026-07-21 12:58:00] Loi xoa archive cu: [WinError 32] The process cannot access the file because it is being used by another process: 'D:\\lehuynhthuan\\bida_ai_system\\archive\\ban1_1258.mp4'
[2026-07-21 12:59:00] Da dong archive phut: 1258
[2026-07-21 12:59:00] Mo archive moi: D:\lehuynhthuan\bida_ai_system\archive\ban1_1259.mp4
[2026-07-21 12:59:00] Da xoa archive cu: ban1_1258.mp4
[2026-07-21 12:59:00] Loi xoa archive cu: [WinError 32] The process cannot access the file because it is being used by another process: 'D:\\lehuynhthuan\\bida_ai_system\\archive\\ban1_1259.mp4'
[2026-07-21 13:00:00] Da dong archive phut: 1259
[2026-07-21 13:00:00] Mo archive moi: D:\lehuynhthuan\bida_ai_system\archive\ban1_1300.mp4
[2026-07-21 13:00:00] Da xoa archive cu: ban1_1259.mp4
[2026-07-21 13:00:00] Loi xoa archive cu: [WinError 32] The process cannot access the file because it is being used by another process: 'D:\\lehuynhthuan\\bida_ai_system\\archive\\ban1_1300.mp4'
[2026-07-21 13:01:00] Da dong archive phut: 1300
[2026-07-21 13:01:00] Mo archive moi: D:\lehuynhthuan\bida_ai_system\archive\ban1_1301.mp4
[2026-07-21 13:01:00] Da xoa archive cu: ban1_1300.mp4
[2026-07-21 13:01:00] Loi xoa archive cu: [WinError 32] The process cannot access the file because it is being used by another process: 'D:\\lehuynhthuan\\bida_ai_system\\archive\\ban1_1301.mp4'
[2026-07-21 13:02:00] Da dong archive phut: 1301
[2026-07-21 13:02:00] Mo archive moi: D:\lehuynhthuan\bida_ai_system\archive\ban1_1302.mp4
[2026-07-21 13:02:00] Da xoa archive cu: ban1_1301.mp4
[2026-07-21 13:02:00] Loi xoa archive cu: [WinError 32] The process cannot access the file because it is being used by another process: 'D:\\lehuynhthuan\\bida_ai_system\\archive\\ban1_1302.mp4'
[2026-07-21 13:03:00] Da dong archive phut: 1302
[2026-07-21 13:03:00] Mo archive moi: D:\lehuynhthuan\bida_ai_system\archive\ban1_1303.mp4
[2026-07-21 13:03:00] Da xoa archive cu: ban1_1302.mp4
[2026-07-21 13:03:00] Loi xoa archive cu: [WinError 32] The process cannot access the file because it is being used by another process: 'D:\\lehuynhthuan\\bida_ai_system\\archive\\ban1_1303.mp4'
[2026-07-21 13:04:00] Da dong archive phut: 1303
[2026-07-21 13:04:00] Mo archive moi: D:\lehuynhthuan\bida_ai_system\archive\ban1_1304.mp4
[2026-07-21 13:04:00] Da xoa archive cu: ban1_1303.mp4
[2026-07-21 13:04:00] Loi xoa archive cu: [WinError 32] The process cannot access the file because it is being used by another process: 'D:\\lehuynhthuan\\bida_ai_system\\archive\\ban1_1304.mp4'
[2026-07-21 13:05:00] Da dong archive phut: 1304
[2026-07-21 13:05:00] Mo archive moi: D:\lehuynhthuan\bida_ai_system\archive\ban1_1305.mp4
[2026-07-21 13:05:00] Da xoa archive cu: ban1_1304.mp4
[2026-07-21 13:05:00] Loi xoa archive cu: [WinError 32] The process cannot access the file because it is being used by another process: 'D:\\lehuynhthuan\\bida_ai_system\\archive\\ban1_1305.mp4'
[2026-07-21 13:06:00] Da dong archive phut: 1305
[2026-07-21 13:06:00] Mo archive moi: D:\lehuynhthuan\bida_ai_system\archive\ban1_1306.mp4
[2026-07-21 13:06:00] Da xoa archive cu: ban1_1305.mp4
[2026-07-21 13:06:00] Loi xoa archive cu: [WinError 32] The process cannot access the file because it is being used by another process: 'D:\\lehuynhthuan\\bida_ai_system\\archive\\ban1_1306.mp4'
[2026-07-21 13:07:00] Da dong archive phut: 1306
[2026-07-21 13:07:00] Mo archive moi: D:\lehuynhthuan\bida_ai_system\archive\ban1_1307.mp4
[2026-07-21 13:07:00] Da xoa archive cu: ban1_1306.mp4
[2026-07-21 13:07:00] Loi xoa archive cu: [WinError 32] The process cannot access the file because it is being used by another process: 'D:\\lehuynhthuan\\bida_ai_system\\archive\\ban1_1307.mp4'
[2026-07-21 13:08:00] Da dong archive phut: 1307
[2026-07-21 13:08:00] Mo archive moi: D:\lehuynhthuan\bida_ai_system\archive\ban1_1308.mp4
[2026-07-21 13:08:00] Da xoa archive cu: ban1_1307.mp4
[2026-07-21 13:08:00] Loi xoa archive cu: [WinError 32] The process cannot access the file because it is being used by another process: 'D:\\lehuynhthuan\\bida_ai_system\\archive\\ban1_1308.mp4'
[2026-07-21 13:09:00] Da dong archive phut: 1308
[2026-07-21 13:09:00] Mo archive moi: D:\lehuynhthuan\bida_ai_system\archive\ban1_1309.mp4
[2026-07-21 13:09:00] Da xoa archive cu: ban1_1308.mp4
[2026-07-21 13:09:00] Loi xoa archive cu: [WinError 32] The process cannot access the file because it is being used by another process: 'D:\\lehuynhthuan\\bida_ai_system\\archive\\ban1_1309.mp4'
[2026-07-21 13:10:00] Da dong archive phut: 1309
[2026-07-21 13:10:00] Mo archive moi: D:\lehuynhthuan\bida_ai_system\archive\ban1_1310.mp4
[2026-07-21 13:10:00] Da xoa archive cu: ban1_1309.mp4
[2026-07-21 13:10:00] Loi xoa archive cu: [WinError 32] The process cannot access the file because it is being used by another process: 'D:\\lehuynhthuan\\bida_ai_system\\archive\\ban1_1310.mp4'
[2026-07-21 13:11:00] Da dong archive phut: 1310
[2026-07-21 13:11:00] Mo archive moi: D:\lehuynhthuan\bida_ai_system\archive\ban1_1311.mp4
[2026-07-21 13:11:00] Da xoa archive cu: ban1_1310.mp4
[2026-07-21 13:11:00] Loi xoa archive cu: [WinError 32] The process cannot access the file because it is being used by another process: 'D:\\lehuynhthuan\\bida_ai_system\\archive\\ban1_1311.mp4'
[2026-07-21 13:12:00] Da dong archive phut: 1311
[2026-07-21 13:12:00] Mo archive moi: D:\lehuynhthuan\bida_ai_system\archive\ban1_1312.mp4
[2026-07-21 13:12:00] Da xoa archive cu: ban1_1311.mp4
[2026-07-21 13:12:00] Loi xoa archive cu: [WinError 32] The process cannot access the file because it is being used by another process: 'D:\\lehuynhthuan\\bida_ai_system\\archive\\ban1_1312.mp4'
[2026-07-21 13:13:00] Da dong archive phut: 1312
[2026-07-21 13:13:00] Mo archive moi: D:\lehuynhthuan\bida_ai_system\archive\ban1_1313.mp4
[2026-07-21 13:13:00] Da xoa archive cu: ban1_1312.mp4
[2026-07-21 13:13:00] Loi xoa archive cu: [WinError 32] The process cannot access the file because it is being used by another process: 'D:\\lehuynhthuan\\bida_ai_system\\archive\\ban1_1313.mp4'
[2026-07-21 13:14:00] Da dong archive phut: 1313
[2026-07-21 13:14:00] Mo archive moi: D:\lehuynhthuan\bida_ai_system\archive\ban1_1314.mp4
[2026-07-21 13:14:00] Da xoa archive cu: ban1_1313.mp4
[2026-07-21 13:14:00] Loi xoa archive cu: [WinError 32] The process cannot access the file because it is being used by another process: 'D:\\lehuynhthuan\\bida_ai_system\\archive\\ban1_1314.mp4'
[2026-07-21 13:15:00] Da dong archive phut: 1314
[2026-07-21 13:15:00] Mo archive moi: D:\lehuynhthuan\bida_ai_system\archive\ban1_1315.mp4
[2026-07-21 13:15:00] Da xoa archive cu: ban1_1314.mp4
[2026-07-21 13:15:00] Loi xoa archive cu: [WinError 32] The process cannot access the file because it is being used by another process: 'D:\\lehuynhthuan\\bida_ai_system\\archive\\ban1_1315.mp4'
[2026-07-21 13:16:00] Da dong archive phut: 1315
[2026-07-21 13:16:00] Mo archive moi: D:\lehuynhthuan\bida_ai_system\archive\ban1_1316.mp4
[2026-07-21 13:16:00] Da xoa archive cu: ban1_1315.mp4
[2026-07-21 13:16:00] Loi xoa archive cu: [WinError 32] The process cannot access the file because it is being used by another process: 'D:\\lehuynhthuan\\bida_ai_system\\archive\\ban1_1316.mp4'
[2026-07-21 13:17:00] Da dong archive phut: 1316
[2026-07-21 13:17:00] Mo archive moi: D:\lehuynhthuan\bida_ai_system\archive\ban1_1317.mp4
[2026-07-21 13:17:00] Da xoa archive cu: ban1_1316.mp4
[2026-07-21 13:17:00] Loi xoa archive cu: [WinError 32] The process cannot access the file because it is being used by another process: 'D:\\lehuynhthuan\\bida_ai_system\\archive\\ban1_1317.mp4'
[2026-07-21 13:18:00] Da dong archive phut: 1317
[2026-07-21 13:18:00] Mo archive moi: D:\lehuynhthuan\bida_ai_system\archive\ban1_1318.mp4
[2026-07-21 13:18:00] Da xoa archive cu: ban1_1317.mp4
[2026-07-21 13:18:00] Loi xoa archive cu: [WinError 32] The process cannot access the file because it is being used by another process: 'D:\\lehuynhthuan\\bida_ai_system\\archive\\ban1_1318.mp4'
[2026-07-21 13:19:00] Da dong archive phut: 1318
[2026-07-21 13:19:00] Mo archive moi: D:\lehuynhthuan\bida_ai_system\archive\ban1_1319.mp4
[2026-07-21 13:19:00] Da xoa archive cu: ban1_1318.mp4
[2026-07-21 13:19:00] Loi xoa archive cu: [WinError 32] The process cannot access the file because it is being used by another process: 'D:\\lehuynhthuan\\bida_ai_system\\archive\\ban1_1319.mp4'
[2026-07-21 13:20:00] Da dong archive phut: 1319
[2026-07-21 13:20:00] Mo archive moi: D:\lehuynhthuan\bida_ai_system\archive\ban1_1320.mp4
[2026-07-21 13:20:00] Da xoa archive cu: ban1_1319.mp4
[2026-07-21 13:20:00] Loi xoa archive cu: [WinError 32] The process cannot access the file because it is being used by another process: 'D:\\lehuynhthuan\\bida_ai_system\\archive\\ban1_1320.mp4'
[2026-07-21 13:21:00] Da dong archive phut: 1320
[2026-07-21 13:21:00] Mo archive moi: D:\lehuynhthuan\bida_ai_system\archive\ban1_1321.mp4
[2026-07-21 13:21:00] Da xoa archive cu: ban1_1320.mp4
[2026-07-21 13:21:00] Loi xoa archive cu: [WinError 32] The process cannot access the file because it is being used by another process: 'D:\\lehuynhthuan\\bida_ai_system\\archive\\ban1_1321.mp4'
[2026-07-21 13:22:00] Da dong archive phut: 1321
[2026-07-21 13:22:00] Mo archive moi: D:\lehuynhthuan\bida_ai_system\archive\ban1_1322.mp4
[2026-07-21 13:22:00] Da xoa archive cu: ban1_1321.mp4
[2026-07-21 13:22:00] Loi xoa archive cu: [WinError 32] The process cannot access the file because it is being used by another process: 'D:\\lehuynhthuan\\bida_ai_system\\archive\\ban1_1322.mp4'
[2026-07-21 13:23:00] Da dong archive phut: 1322
[2026-07-21 13:23:00] Mo archive moi: D:\lehuynhthuan\bida_ai_system\archive\ban1_1323.mp4
[2026-07-21 13:23:00] Da xoa archive cu: ban1_1322.mp4
[2026-07-21 13:23:00] Loi xoa archive cu: [WinError 32] The process cannot access the file because it is being used by another process: 'D:\\lehuynhthuan\\bida_ai_system\\archive\\ban1_1323.mp4'
[2026-07-21 13:24:00] Da dong archive phut: 1323
[2026-07-21 13:24:00] Mo archive moi: D:\lehuynhthuan\bida_ai_system\archive\ban1_1324.mp4
[2026-07-21 13:24:00] Da xoa archive cu: ban1_1323.mp4
[2026-07-21 13:24:00] Loi xoa archive cu: [WinError 32] The process cannot access the file because it is being used by another process: 'D:\\lehuynhthuan\\bida_ai_system\\archive\\ban1_1324.mp4'
[2026-07-21 13:25:00] Da dong archive phut: 1324
[2026-07-21 13:25:00] Mo archive moi: D:\lehuynhthuan\bida_ai_system\archive\ban1_1325.mp4
[2026-07-21 13:25:00] Da xoa archive cu: ban1_1324.mp4
[2026-07-21 13:25:00] Loi xoa archive cu: [WinError 32] The process cannot access the file because it is being used by another process: 'D:\\lehuynhthuan\\bida_ai_system\\archive\\ban1_1325.mp4'
[2026-07-21 13:26:00] Da dong archive phut: 1325
[2026-07-21 13:26:00] Mo archive moi: D:\lehuynhthuan\bida_ai_system\archive\ban1_1326.mp4
[2026-07-21 13:26:00] Da xoa archive cu: ban1_1325.mp4
[2026-07-21 13:26:00] Loi xoa archive cu: [WinError 32] The process cannot access the file because it is being used by another process: 'D:\\lehuynhthuan\\bida_ai_system\\archive\\ban1_1326.mp4'
[2026-07-21 13:27:00] Da dong archive phut: 1326
[2026-07-21 13:27:00] Mo archive moi: D:\lehuynhthuan\bida_ai_system\archive\ban1_1327.mp4
[2026-07-21 13:27:00] Da xoa archive cu: ban1_1326.mp4
[2026-07-21 13:27:00] Loi xoa archive cu: [WinError 32] The process cannot access the file because it is being used by another process: 'D:\\lehuynhthuan\\bida_ai_system\\archive\\ban1_1327.mp4'
[2026-07-21 13:28:00] Da dong archive phut: 1327
[2026-07-21 13:28:00] Mo archive moi: D:\lehuynhthuan\bida_ai_system\archive\ban1_1328.mp4
[2026-07-21 13:28:00] Da xoa archive cu: ban1_1327.mp4
[2026-07-21 13:28:00] Loi xoa archive cu: [WinError 32] The process cannot access the file because it is being used by another process: 'D:\\lehuynhthuan\\bida_ai_system\\archive\\ban1_1328.mp4'
[2026-07-21 13:29:00] Da dong archive phut: 1328
[2026-07-21 13:29:00] Mo archive moi: D:\lehuynhthuan\bida_ai_system\archive\ban1_1329.mp4
[2026-07-21 13:29:00] Da xoa archive cu: ban1_1328.mp4
[2026-07-21 13:29:00] Loi xoa archive cu: [WinError 32] The process cannot access the file because it is being used by another process: 'D:\\lehuynhthuan\\bida_ai_system\\archive\\ban1_1329.mp4'
[2026-07-21 13:30:00] Da dong archive phut: 1329
[2026-07-21 13:30:00] Mo archive moi: D:\lehuynhthuan\bida_ai_system\archive\ban1_1330.mp4
[2026-07-21 13:30:00] Da xoa archive cu: ban1_1329.mp4
[2026-07-21 13:30:00] Loi xoa archive cu: [WinError 32] The process cannot access the file because it is being used by another process: 'D:\\lehuynhthuan\\bida_ai_system\\archive\\ban1_1330.mp4'
[2026-07-21 13:31:00] Da dong archive phut: 1330
[2026-07-21 13:31:00] Mo archive moi: D:\lehuynhthuan\bida_ai_system\archive\ban1_1331.mp4
[2026-07-21 13:31:00] Da xoa archive cu: ban1_1330.mp4
[2026-07-21 13:31:00] Loi xoa archive cu: [WinError 32] The process cannot access the file because it is being used by another process: 'D:\\lehuynhthuan\\bida_ai_system\\archive\\ban1_1331.mp4'
[2026-07-21 13:32:00] Da dong archive phut: 1331
[2026-07-21 13:32:00] Mo archive moi: D:\lehuynhthuan\bida_ai_system\archive\ban1_1332.mp4
[2026-07-21 13:32:00] Da xoa archive cu: ban1_1331.mp4
[2026-07-21 13:32:00] Loi xoa archive cu: [WinError 32] The process cannot access the file because it is being used by another process: 'D:\\lehuynhthuan\\bida_ai_system\\archive\\ban1_1332.mp4'
[2026-07-21 13:33:00] Da dong archive phut: 1332
[2026-07-21 13:33:00] Mo archive moi: D:\lehuynhthuan\bida_ai_system\archive\ban1_1333.mp4
[2026-07-21 13:33:00] Da xoa archive cu: ban1_1332.mp4
[2026-07-21 13:33:00] Loi xoa archive cu: [WinError 32] The process cannot access the file because it is being used by another process: 'D:\\lehuynhthuan\\bida_ai_system\\archive\\ban1_1333.mp4'
[2026-07-21 13:34:00] Da dong archive phut: 1333
[2026-07-21 13:34:00] Mo archive moi: D:\lehuynhthuan\bida_ai_system\archive\ban1_1334.mp4
[2026-07-21 13:34:00] Da xoa archive cu: ban1_1333.mp4
[2026-07-21 13:34:00] Loi xoa archive cu: [WinError 32] The process cannot access the file because it is being used by another process: 'D:\\lehuynhthuan\\bida_ai_system\\archive\\ban1_1334.mp4'
[2026-07-21 13:35:00] Da dong archive phut: 1334
[2026-07-21 13:35:00] Mo archive moi: D:\lehuynhthuan\bida_ai_system\archive\ban1_1335.mp4
[2026-07-21 13:35:00] Da xoa archive cu: ban1_1334.mp4
[2026-07-21 13:35:00] Loi xoa archive cu: [WinError 32] The process cannot access the file because it is being used by another process: 'D:\\lehuynhthuan\\bida_ai_system\\archive\\ban1_1335.mp4'
[2026-07-21 13:36:00] Da dong archive phut: 1335
[2026-07-21 13:36:00] Mo archive moi: D:\lehuynhthuan\bida_ai_system\archive\ban1_1336.mp4
[2026-07-21 13:36:00] Da xoa archive cu: ban1_1335.mp4
[2026-07-21 13:36:00] Loi xoa archive cu: [WinError 32] The process cannot access the file because it is being used by another process: 'D:\\lehuynhthuan\\bida_ai_system\\archive\\ban1_1336.mp4'
[2026-07-21 13:37:00] Da dong archive phut: 1336
[2026-07-21 13:37:00] Mo archive moi: D:\lehuynhthuan\bida_ai_system\archive\ban1_1337.mp4
[2026-07-21 13:37:00] Da xoa archive cu: ban1_1336.mp4
[2026-07-21 13:37:00] Loi xoa archive cu: [WinError 32] The process cannot access the file because it is being used by another process: 'D:\\lehuynhthuan\\bida_ai_system\\archive\\ban1_1337.mp4'
[2026-07-21 13:38:00] Da dong archive phut: 1337
[2026-07-21 13:38:00] Mo archive moi: D:\lehuynhthuan\bida_ai_system\archive\ban1_1338.mp4
[2026-07-21 13:38:00] Da xoa archive cu: ban1_1337.mp4
[2026-07-21 13:38:00] Loi xoa archive cu: [WinError 32] The process cannot access the file because it is being used by another process: 'D:\\lehuynhthuan\\bida_ai_system\\archive\\ban1_1338.mp4'
[2026-07-21 13:39:00] Da dong archive phut: 1338
[2026-07-21 13:39:00] Mo archive moi: D:\lehuynhthuan\bida_ai_system\archive\ban1_1339.mp4
[2026-07-21 13:39:00] Da xoa archive cu: ban1_1338.mp4
[2026-07-21 13:39:00] Loi xoa archive cu: [WinError 32] The process cannot access the file because it is being used by another process: 'D:\\lehuynhthuan\\bida_ai_system\\archive\\ban1_1339.mp4'
[2026-07-21 13:40:00] Da dong archive phut: 1339
[2026-07-21 13:40:00] Mo archive moi: D:\lehuynhthuan\bida_ai_system\archive\ban1_1340.mp4
[2026-07-21 13:40:00] Da xoa archive cu: ban1_1339.mp4
[2026-07-21 13:40:00] Loi xoa archive cu: [WinError 32] The process cannot access the file because it is being used by another process: 'D:\\lehuynhthuan\\bida_ai_system\\archive\\ban1_1340.mp4'
[2026-07-21 13:41:00] Da dong archive phut: 1340
[2026-07-21 13:41:00] Mo archive moi: D:\lehuynhthuan\bida_ai_system\archive\ban1_1341.mp4
[2026-07-21 13:41:00] Da xoa archive cu: ban1_1340.mp4
[2026-07-21 13:41:00] Loi xoa archive cu: [WinError 32] The process cannot access the file because it is being used by another process: 'D:\\lehuynhthuan\\bida_ai_system\\archive\\ban1_1341.mp4'
[2026-07-21 13:42:00] Da dong archive phut: 1341
[2026-07-21 13:42:00] Mo archive moi: D:\lehuynhthuan\bida_ai_system\archive\ban1_1342.mp4
[2026-07-21 13:42:00] Da xoa archive cu: ban1_1341.mp4
[2026-07-21 13:42:00] Loi xoa archive cu: [WinError 32] The process cannot access the file because it is being used by another process: 'D:\\lehuynhthuan\\bida_ai_system\\archive\\ban1_1342.mp4'
[2026-07-21 13:43:00] Da dong archive phut: 1342
[2026-07-21 13:43:00] Mo archive moi: D:\lehuynhthuan\bida_ai_system\archive\ban1_1343.mp4
[2026-07-21 13:43:00] Da xoa archive cu: ban1_1342.mp4
[2026-07-21 13:43:00] Loi xoa archive cu: [WinError 32] The process cannot access the file because it is being used by another process: 'D:\\lehuynhthuan\\bida_ai_system\\archive\\ban1_1343.mp4'
[2026-07-21 13:44:00] Da dong archive phut: 1343
[2026-07-21 13:44:00] Mo archive moi: D:\lehuynhthuan\bida_ai_system\archive\ban1_1344.mp4
[2026-07-21 13:44:00] Da xoa archive cu: ban1_1343.mp4
[2026-07-21 13:44:00] Loi xoa archive cu: [WinError 32] The process cannot access the file because it is being used by another process: 'D:\\lehuynhthuan\\bida_ai_system\\archive\\ban1_1344.mp4'
[2026-07-21 13:45:00] Da dong archive phut: 1344
[2026-07-21 13:45:00] Mo archive moi: D:\lehuynhthuan\bida_ai_system\archive\ban1_1345.mp4
[2026-07-21 13:45:00] Da xoa archive cu: ban1_1344.mp4
[2026-07-21 13:45:00] Loi xoa archive cu: [WinError 32] The process cannot access the file because it is being used by another process: 'D:\\lehuynhthuan\\bida_ai_system\\archive\\ban1_1345.mp4'
[2026-07-21 13:46:00] Da dong archive phut: 1345
[2026-07-21 13:46:00] Mo archive moi: D:\lehuynhthuan\bida_ai_system\archive\ban1_1346.mp4
[2026-07-21 13:46:00] Da xoa archive cu: ban1_1345.mp4
[2026-07-21 13:46:00] Loi xoa archive cu: [WinError 32] The process cannot access the file because it is being used by another process: 'D:\\lehuynhthuan\\bida_ai_system\\archive\\ban1_1346.mp4'
[2026-07-21 13:47:00] Da dong archive phut: 1346
[2026-07-21 13:47:00] Mo archive moi: D:\lehuynhthuan\bida_ai_system\archive\ban1_1347.mp4
[2026-07-21 13:47:00] Da xoa archive cu: ban1_1346.mp4
[2026-07-21 13:47:00] Loi xoa archive cu: [WinError 32] The process cannot access the file because it is being used by another process: 'D:\\lehuynhthuan\\bida_ai_system\\archive\\ban1_1347.mp4'
[2026-07-21 13:48:00] Da dong archive phut: 1347
[2026-07-21 13:48:00] Mo archive moi: D:\lehuynhthuan\bida_ai_system\archive\ban1_1348.mp4
[2026-07-21 13:48:00] Da xoa archive cu: ban1_1347.mp4
[2026-07-21 13:48:00] Loi xoa archive cu: [WinError 32] The process cannot access the file because it is being used by another process: 'D:\\lehuynhthuan\\bida_ai_system\\archive\\ban1_1348.mp4'
[2026-07-21 13:49:00] Da dong archive phut: 1348
[2026-07-21 13:49:00] Mo archive moi: D:\lehuynhthuan\bida_ai_system\archive\ban1_1349.mp4
[2026-07-21 13:49:00] Da xoa archive cu: ban1_1348.mp4
[2026-07-21 13:49:00] Loi xoa archive cu: [WinError 32] The process cannot access the file because it is being used by another process: 'D:\\lehuynhthuan\\bida_ai_system\\archive\\ban1_1349.mp4'
[2026-07-21 13:50:00] Da dong archive phut: 1349
[2026-07-21 13:50:00] Mo archive moi: D:\lehuynhthuan\bida_ai_system\archive\ban1_1350.mp4
[2026-07-21 13:50:00] Da xoa archive cu: ban1_1349.mp4
[2026-07-21 13:50:00] Loi xoa archive cu: [WinError 32] The process cannot access the file because it is being used by another process: 'D:\\lehuynhthuan\\bida_ai_system\\archive\\ban1_1350.mp4'
[2026-07-21 13:51:00] Da dong archive phut: 1350
[2026-07-21 13:51:00] Mo archive moi: D:\lehuynhthuan\bida_ai_system\archive\ban1_1351.mp4
[2026-07-21 13:51:00] Da xoa archive cu: ban1_1350.mp4
[2026-07-21 13:51:00] Loi xoa archive cu: [WinError 32] The process cannot access the file because it is being used by another process: 'D:\\lehuynhthuan\\bida_ai_system\\archive\\ban1_1351.mp4'
[2026-07-21 13:52:00] Da dong archive phut: 1351
[2026-07-21 13:52:00] Mo archive moi: D:\lehuynhthuan\bida_ai_system\archive\ban1_1352.mp4
[2026-07-21 13:52:00] Da xoa archive cu: ban1_1351.mp4
[2026-07-21 13:52:00] Loi xoa archive cu: [WinError 32] The process cannot access the file because it is being used by another process: 'D:\\lehuynhthuan\\bida_ai_system\\archive\\ban1_1352.mp4'
[2026-07-21 13:53:00] Da dong archive phut: 1352
[2026-07-21 13:53:00] Mo archive moi: D:\lehuynhthuan\bida_ai_system\archive\ban1_1353.mp4
[2026-07-21 13:53:00] Da xoa archive cu: ban1_1352.mp4
[2026-07-21 13:53:00] Loi xoa archive cu: [WinError 32] The process cannot access the file because it is being used by another process: 'D:\\lehuynhthuan\\bida_ai_system\\archive\\ban1_1353.mp4'
[2026-07-21 13:54:00] Da dong archive phut: 1353
[2026-07-21 13:54:00] Mo archive moi: D:\lehuynhthuan\bida_ai_system\archive\ban1_1354.mp4
[2026-07-21 13:54:00] Da xoa archive cu: ban1_1353.mp4
[2026-07-21 13:54:00] Loi xoa archive cu: [WinError 32] The process cannot access the file because it is being used by another process: 'D:\\lehuynhthuan\\bida_ai_system\\archive\\ban1_1354.mp4'
[2026-07-21 13:55:00] Da dong archive phut: 1354
[2026-07-21 13:55:00] Mo archive moi: D:\lehuynhthuan\bida_ai_system\archive\ban1_1355.mp4
[2026-07-21 13:55:00] Da xoa archive cu: ban1_1354.mp4
[2026-07-21 13:55:00] Loi xoa archive cu: [WinError 32] The process cannot access the file because it is being used by another process: 'D:\\lehuynhthuan\\bida_ai_system\\archive\\ban1_1355.mp4'
[2026-07-21 13:56:00] Da dong archive phut: 1355
[2026-07-21 13:56:00] Mo archive moi: D:\lehuynhthuan\bida_ai_system\archive\ban1_1356.mp4
[2026-07-21 13:56:00] Da xoa archive cu: ban1_1355.mp4
[2026-07-21 13:56:00] Loi xoa archive cu: [WinError 32] The process cannot access the file because it is being used by another process: 'D:\\lehuynhthuan\\bida_ai_system\\archive\\ban1_1356.mp4'
[2026-07-21 13:57:00] Da dong archive phut: 1356
[2026-07-21 13:57:00] Mo archive moi: D:\lehuynhthuan\bida_ai_system\archive\ban1_1357.mp4
[2026-07-21 13:57:00] Da xoa archive cu: ban1_1356.mp4
[2026-07-21 13:57:00] Loi xoa archive cu: [WinError 32] The process cannot access the file because it is being used by another process: 'D:\\lehuynhthuan\\bida_ai_system\\archive\\ban1_1357.mp4'
[2026-07-21 13:58:00] Da dong archive phut: 1357
[2026-07-21 13:58:00] Mo archive moi: D:\lehuynhthuan\bida_ai_system\archive\ban1_1358.mp4
[2026-07-21 13:58:00] Da xoa archive cu: ban1_1357.mp4
[2026-07-21 13:58:00] Loi xoa archive cu: [WinError 32] The process cannot access the file because it is being used by another process: 'D:\\lehuynhthuan\\bida_ai_system\\archive\\ban1_1358.mp4'
[2026-07-21 13:59:00] Da dong archive phut: 1358
[2026-07-21 13:59:00] Mo archive moi: D:\lehuynhthuan\bida_ai_system\archive\ban1_1359.mp4
[2026-07-21 13:59:00] Da xoa archive cu: ban1_1358.mp4
[2026-07-21 13:59:00] Loi xoa archive cu: [WinError 32] The process cannot access the file because it is being used by another process: 'D:\\lehuynhthuan\\bida_ai_system\\archive\\ban1_1359.mp4'
[2026-07-21 14:00:00] Da dong archive phut: 1359
[2026-07-21 14:00:00] Mo archive moi: D:\lehuynhthuan\bida_ai_system\archive\ban1_1400.mp4
[2026-07-21 14:00:00] Da xoa archive cu: ban1_1359.mp4
[2026-07-21 14:00:00] Loi xoa archive cu: [WinError 32] The process cannot access the file because it is being used by another process: 'D:\\lehuynhthuan\\bida_ai_system\\archive\\ban1_1400.mp4'
[2026-07-21 14:01:00] Da dong archive phut: 1400
[2026-07-21 14:01:00] Mo archive moi: D:\lehuynhthuan\bida_ai_system\archive\ban1_1401.mp4
[2026-07-21 14:01:00] Da xoa archive cu: ban1_1400.mp4
[2026-07-21 14:01:00] Loi xoa archive cu: [WinError 32] The process cannot access the file because it is being used by another process: 'D:\\lehuynhthuan\\bida_ai_system\\archive\\ban1_1401.mp4'
[2026-07-21 14:02:00] Da dong archive phut: 1401
[2026-07-21 14:02:00] Mo archive moi: D:\lehuynhthuan\bida_ai_system\archive\ban1_1402.mp4
[2026-07-21 14:02:00] Da xoa archive cu: ban1_1401.mp4
[2026-07-21 14:02:00] Loi xoa archive cu: [WinError 32] The process cannot access the file because it is being used by another process: 'D:\\lehuynhthuan\\bida_ai_system\\archive\\ban1_1402.mp4'
[2026-07-21 14:03:00] Da dong archive phut: 1402
[2026-07-21 14:03:00] Mo archive moi: D:\lehuynhthuan\bida_ai_system\archive\ban1_1403.mp4
[2026-07-21 14:03:00] Da xoa archive cu: ban1_1402.mp4
[2026-07-21 14:03:00] Loi xoa archive cu: [WinError 32] The process cannot access the file because it is being used by another process: 'D:\\lehuynhthuan\\bida_ai_system\\archive\\ban1_1403.mp4'
[2026-07-21 14:04:00] Da dong archive phut: 1403
[2026-07-21 14:04:00] Mo archive moi: D:\lehuynhthuan\bida_ai_system\archive\ban1_1404.mp4
[2026-07-21 14:04:00] Da xoa archive cu: ban1_1403.mp4
[2026-07-21 14:04:00] Loi xoa archive cu: [WinError 32] The process cannot access the file because it is being used by another process: 'D:\\lehuynhthuan\\bida_ai_system\\archive\\ban1_1404.mp4'
[2026-07-21 14:05:00] Da dong archive phut: 1404
[2026-07-21 14:05:00] Mo archive moi: D:\lehuynhthuan\bida_ai_system\archive\ban1_1405.mp4
[2026-07-21 14:05:00] Da xoa archive cu: ban1_1404.mp4
[2026-07-21 14:05:00] Loi xoa archive cu: [WinError 32] The process cannot access the file because it is being used by another process: 'D:\\lehuynhthuan\\bida_ai_system\\archive\\ban1_1405.mp4'
[2026-07-21 14:06:00] Da dong archive phut: 1405
[2026-07-21 14:06:00] Mo archive moi: D:\lehuynhthuan\bida_ai_system\archive\ban1_1406.mp4
[2026-07-21 14:06:00] Da xoa archive cu: ban1_1405.mp4
[2026-07-21 14:06:00] Loi xoa archive cu: [WinError 32] The process cannot access the file because it is being used by another process: 'D:\\lehuynhthuan\\bida_ai_system\\archive\\ban1_1406.mp4'
[2026-07-21 14:07:00] Da dong archive phut: 1406
[2026-07-21 14:07:00] Mo archive moi: D:\lehuynhthuan\bida_ai_system\archive\ban1_1407.mp4
[2026-07-21 14:07:00] Da xoa archive cu: ban1_1406.mp4
[2026-07-21 14:07:00] Loi xoa archive cu: [WinError 32] The process cannot access the file because it is being used by another process: 'D:\\lehuynhthuan\\bida_ai_system\\archive\\ban1_1407.mp4'
[2026-07-21 14:08:00] Da dong archive phut: 1407
[2026-07-21 14:08:00] Mo archive moi: D:\lehuynhthuan\bida_ai_system\archive\ban1_1408.mp4
[2026-07-21 14:08:00] Da xoa archive cu: ban1_1407.mp4
[2026-07-21 14:08:00] Loi xoa archive cu: [WinError 32] The process cannot access the file because it is being used by another process: 'D:\\lehuynhthuan\\bida_ai_system\\archive\\ban1_1408.mp4'
[2026-07-21 14:09:00] Da dong archive phut: 1408
[2026-07-21 14:09:00] Mo archive moi: D:\lehuynhthuan\bida_ai_system\archive\ban1_1409.mp4
[2026-07-21 14:09:00] Da xoa archive cu: ban1_1408.mp4
[2026-07-21 14:09:00] Loi xoa archive cu: [WinError 32] The process cannot access the file because it is being used by another process: 'D:\\lehuynhthuan\\bida_ai_system\\archive\\ban1_1409.mp4'
[2026-07-21 14:10:00] Da dong archive phut: 1409
[2026-07-21 14:10:00] Mo archive moi: D:\lehuynhthuan\bida_ai_system\archive\ban1_1410.mp4
[2026-07-21 14:10:00] Da xoa archive cu: ban1_1409.mp4
[2026-07-21 14:10:00] Loi xoa archive cu: [WinError 32] The process cannot access the file because it is being used by another process: 'D:\\lehuynhthuan\\bida_ai_system\\archive\\ban1_1410.mp4'
[2026-07-21 14:11:00] Da dong archive phut: 1410
[2026-07-21 14:11:00] Mo archive moi: D:\lehuynhthuan\bida_ai_system\archive\ban1_1411.mp4
[2026-07-21 14:11:00] Da xoa archive cu: ban1_1410.mp4
[2026-07-21 14:11:00] Loi xoa archive cu: [WinError 32] The process cannot access the file because it is being used by another process: 'D:\\lehuynhthuan\\bida_ai_system\\archive\\ban1_1411.mp4'
[2026-07-21 14:12:00] Da dong archive phut: 1411
[2026-07-21 14:12:00] Mo archive moi: D:\lehuynhthuan\bida_ai_system\archive\ban1_1412.mp4
[2026-07-21 14:12:00] Da xoa archive cu: ban1_1411.mp4
[2026-07-21 14:12:00] Loi xoa archive cu: [WinError 32] The process cannot access the file because it is being used by another process: 'D:\\lehuynhthuan\\bida_ai_system\\archive\\ban1_1412.mp4'
[2026-07-21 14:13:00] Da dong archive phut: 1412
[2026-07-21 14:13:00] Mo archive moi: D:\lehuynhthuan\bida_ai_system\archive\ban1_1413.mp4
[2026-07-21 14:13:00] Da xoa archive cu: ban1_1412.mp4
[2026-07-21 14:13:00] Loi xoa archive cu: [WinError 32] The process cannot access the file because it is being used by another process: 'D:\\lehuynhthuan\\bida_ai_system\\archive\\ban1_1413.mp4'
[2026-07-21 14:14:00] Da dong archive phut: 1413
[2026-07-21 14:14:00] Mo archive moi: D:\lehuynhthuan\bida_ai_system\archive\ban1_1414.mp4
[2026-07-21 14:14:00] Da xoa archive cu: ban1_1413.mp4
[2026-07-21 14:14:00] Loi xoa archive cu: [WinError 32] The process cannot access the file because it is being used by another process: 'D:\\lehuynhthuan\\bida_ai_system\\archive\\ban1_1414.mp4'
[2026-07-21 14:15:00] Da dong archive phut: 1414
[2026-07-21 14:15:00] Mo archive moi: D:\lehuynhthuan\bida_ai_system\archive\ban1_1415.mp4
[2026-07-21 14:15:00] Da xoa archive cu: ban1_1414.mp4
[2026-07-21 14:15:00] Loi xoa archive cu: [WinError 32] The process cannot access the file because it is being used by another process: 'D:\\lehuynhthuan\\bida_ai_system\\archive\\ban1_1415.mp4'
[2026-07-21 14:16:00] Da dong archive phut: 1415
[2026-07-21 14:16:00] Mo archive moi: D:\lehuynhthuan\bida_ai_system\archive\ban1_1416.mp4
[2026-07-21 14:16:00] Da xoa archive cu: ban1_1415.mp4
[2026-07-21 14:16:00] Loi xoa archive cu: [WinError 32] The process cannot access the file because it is being used by another process: 'D:\\lehuynhthuan\\bida_ai_system\\archive\\ban1_1416.mp4'
[2026-07-21 14:17:00] Da dong archive phut: 1416
[2026-07-21 14:17:00] Mo archive moi: D:\lehuynhthuan\bida_ai_system\archive\ban1_1417.mp4
[2026-07-21 14:17:00] Da xoa archive cu: ban1_1416.mp4
[2026-07-21 14:17:00] Loi xoa archive cu: [WinError 32] The process cannot access the file because it is being used by another process: 'D:\\lehuynhthuan\\bida_ai_system\\archive\\ban1_1417.mp4'
[2026-07-21 14:18:00] Da dong archive phut: 1417
[2026-07-21 14:18:00] Mo archive moi: D:\lehuynhthuan\bida_ai_system\archive\ban1_1418.mp4
[2026-07-21 14:18:00] Da xoa archive cu: ban1_1417.mp4
[2026-07-21 14:18:00] Loi xoa archive cu: [WinError 32] The process cannot access the file because it is being used by another process: 'D:\\lehuynhthuan\\bida_ai_system\\archive\\ban1_1418.mp4'
[2026-07-21 14:19:00] Da dong archive phut: 1418
[2026-07-21 14:19:00] Mo archive moi: D:\lehuynhthuan\bida_ai_system\archive\ban1_1419.mp4
[2026-07-21 14:19:00] Da xoa archive cu: ban1_1418.mp4
[2026-07-21 14:19:00] Loi xoa archive cu: [WinError 32] The process cannot access the file because it is being used by another process: 'D:\\lehuynhthuan\\bida_ai_system\\archive\\ban1_1419.mp4'
[2026-07-21 14:20:00] Da dong archive phut: 1419
[2026-07-21 14:20:00] Mo archive moi: D:\lehuynhthuan\bida_ai_system\archive\ban1_1420.mp4
[2026-07-21 14:20:00] Da xoa archive cu: ban1_1419.mp4
[2026-07-21 14:20:00] Loi xoa archive cu: [WinError 32] The process cannot access the file because it is being used by another process: 'D:\\lehuynhthuan\\bida_ai_system\\archive\\ban1_1420.mp4'
[2026-07-21 14:21:00] Da dong archive phut: 1420
[2026-07-21 14:21:00] Mo archive moi: D:\lehuynhthuan\bida_ai_system\archive\ban1_1421.mp4
[2026-07-21 14:21:00] Da xoa archive cu: ban1_1420.mp4
[2026-07-21 14:21:00] Loi xoa archive cu: [WinError 32] The process cannot access the file because it is being used by another process: 'D:\\lehuynhthuan\\bida_ai_system\\archive\\ban1_1421.mp4'
[2026-07-21 14:22:00] Da dong archive phut: 1421
[2026-07-21 14:22:00] Mo archive moi: D:\lehuynhthuan\bida_ai_system\archive\ban1_1422.mp4
[2026-07-21 14:22:00] Da xoa archive cu: ban1_1421.mp4
[2026-07-21 14:22:00] Loi xoa archive cu: [WinError 32] The process cannot access the file because it is being used by another process: 'D:\\lehuynhthuan\\bida_ai_system\\archive\\ban1_1422.mp4'
[2026-07-21 14:23:00] Da dong archive phut: 1422
[2026-07-21 14:23:00] Mo archive moi: D:\lehuynhthuan\bida_ai_system\archive\ban1_1423.mp4
[2026-07-21 14:23:00] Da xoa archive cu: ban1_1422.mp4
[2026-07-21 14:23:00] Loi xoa archive cu: [WinError 32] The process cannot access the file because it is being used by another process: 'D:\\lehuynhthuan\\bida_ai_system\\archive\\ban1_1423.mp4'
[2026-07-21 14:24:00] Da dong archive phut: 1423
[2026-07-21 14:24:00] Mo archive moi: D:\lehuynhthuan\bida_ai_system\archive\ban1_1424.mp4
[2026-07-21 14:24:00] Da xoa archive cu: ban1_1423.mp4
[2026-07-21 14:24:00] Loi xoa archive cu: [WinError 32] The process cannot access the file because it is being used by another process: 'D:\\lehuynhthuan\\bida_ai_system\\archive\\ban1_1424.mp4'
[2026-07-21 14:25:00] Da dong archive phut: 1424
[2026-07-21 14:25:00] Mo archive moi: D:\lehuynhthuan\bida_ai_system\archive\ban1_1425.mp4
[2026-07-21 14:25:00] Da xoa archive cu: ban1_1424.mp4
[2026-07-21 14:25:00] Loi xoa archive cu: [WinError 32] The process cannot access the file because it is being used by another process: 'D:\\lehuynhthuan\\bida_ai_system\\archive\\ban1_1425.mp4'
[2026-07-21 14:26:00] Da dong archive phut: 1425
[2026-07-21 14:26:00] Mo archive moi: D:\lehuynhthuan\bida_ai_system\archive\ban1_1426.mp4
[2026-07-21 14:26:00] Da xoa archive cu: ban1_1425.mp4
[2026-07-21 14:26:00] Loi xoa archive cu: [WinError 32] The process cannot access the file because it is being used by another process: 'D:\\lehuynhthuan\\bida_ai_system\\archive\\ban1_1426.mp4'
[2026-07-21 14:27:00] Da dong archive phut: 1426
[2026-07-21 14:27:00] Mo archive moi: D:\lehuynhthuan\bida_ai_system\archive\ban1_1427.mp4
[2026-07-21 14:27:00] Da xoa archive cu: ban1_1426.mp4
[2026-07-21 14:27:00] Loi xoa archive cu: [WinError 32] The process cannot access the file because it is being used by another process: 'D:\\lehuynhthuan\\bida_ai_system\\archive\\ban1_1427.mp4'
[2026-07-21 14:28:00] Da dong archive phut: 1427
[2026-07-21 14:28:00] Mo archive moi: D:\lehuynhthuan\bida_ai_system\archive\ban1_1428.mp4
[2026-07-21 14:28:00] Da xoa archive cu: ban1_1427.mp4
[2026-07-21 14:28:00] Loi xoa archive cu: [WinError 32] The process cannot access the file because it is being used by another process: 'D:\\lehuynhthuan\\bida_ai_system\\archive\\ban1_1428.mp4'
[2026-07-21 14:29:00] Da dong archive phut: 1428
[2026-07-21 14:29:00] Mo archive moi: D:\lehuynhthuan\bida_ai_system\archive\ban1_1429.mp4
[2026-07-21 14:29:00] Da xoa archive cu: ban1_1428.mp4
[2026-07-21 14:29:00] Loi xoa archive cu: [WinError 32] The process cannot access the file because it is being used by another process: 'D:\\lehuynhthuan\\bida_ai_system\\archive\\ban1_1429.mp4'
[2026-07-21 14:30:00] Da dong archive phut: 1429
[2026-07-21 14:30:00] Mo archive moi: D:\lehuynhthuan\bida_ai_system\archive\ban1_1430.mp4
[2026-07-21 14:30:00] Da xoa archive cu: ban1_1429.mp4
[2026-07-21 14:30:00] Loi xoa archive cu: [WinError 32] The process cannot access the file because it is being used by another process: 'D:\\lehuynhthuan\\bida_ai_system\\archive\\ban1_1430.mp4'
[2026-07-21 14:31:00] Da dong archive phut: 1430
[2026-07-21 14:31:00] Mo archive moi: D:\lehuynhthuan\bida_ai_system\archive\ban1_1431.mp4
[2026-07-21 14:31:00] Da xoa archive cu: ban1_1430.mp4
[2026-07-21 14:31:00] Loi xoa archive cu: [WinError 32] The process cannot access the file because it is being used by another process: 'D:\\lehuynhthuan\\bida_ai_system\\archive\\ban1_1431.mp4'
[2026-07-21 14:32:00] Da dong archive phut: 1431
[2026-07-21 14:32:00] Mo archive moi: D:\lehuynhthuan\bida_ai_system\archive\ban1_1432.mp4
[2026-07-21 14:32:00] Da xoa archive cu: ban1_1431.mp4
[2026-07-21 14:32:00] Loi xoa archive cu: [WinError 32] The process cannot access the file because it is being used by another process: 'D:\\lehuynhthuan\\bida_ai_system\\archive\\ban1_1432.mp4'
[2026-07-21 14:33:00] Da dong archive phut: 1432
[2026-07-21 14:33:00] Mo archive moi: D:\lehuynhthuan\bida_ai_system\archive\ban1_1433.mp4
[2026-07-21 14:33:00] Da xoa archive cu: ban1_1432.mp4
[2026-07-21 14:33:00] Loi xoa archive cu: [WinError 32] The process cannot access the file because it is being used by another process: 'D:\\lehuynhthuan\\bida_ai_system\\archive\\ban1_1433.mp4'
[2026-07-21 14:34:00] Da dong archive phut: 1433
[2026-07-21 14:34:00] Mo archive moi: D:\lehuynhthuan\bida_ai_system\archive\ban1_1434.mp4
[2026-07-21 14:34:00] Da xoa archive cu: ban1_1433.mp4
[2026-07-21 14:34:00] Loi xoa archive cu: [WinError 32] The process cannot access the file because it is being used by another process: 'D:\\lehuynhthuan\\bida_ai_system\\archive\\ban1_1434.mp4'
[2026-07-21 14:35:00] Da dong archive phut: 1434
[2026-07-21 14:35:00] Mo archive moi: D:\lehuynhthuan\bida_ai_system\archive\ban1_1435.mp4
[2026-07-21 14:35:00] Da xoa archive cu: ban1_1434.mp4
[2026-07-21 14:35:00] Loi xoa archive cu: [WinError 32] The process cannot access the file because it is being used by another process: 'D:\\lehuynhthuan\\bida_ai_system\\archive\\ban1_1435.mp4'
[2026-07-21 14:36:00] Da dong archive phut: 1435
[2026-07-21 14:36:00] Mo archive moi: D:\lehuynhthuan\bida_ai_system\archive\ban1_1436.mp4
[2026-07-21 14:36:00] Da xoa archive cu: ban1_1435.mp4
[2026-07-21 14:36:00] Loi xoa archive cu: [WinError 32] The process cannot access the file because it is being used by another process: 'D:\\lehuynhthuan\\bida_ai_system\\archive\\ban1_1436.mp4'
[2026-07-21 14:37:00] Da dong archive phut: 1436
[2026-07-21 14:37:00] Mo archive moi: D:\lehuynhthuan\bida_ai_system\archive\ban1_1437.mp4
[2026-07-21 14:37:00] Da xoa archive cu: ban1_1436.mp4
[2026-07-21 14:37:00] Loi xoa archive cu: [WinError 32] The process cannot access the file because it is being used by another process: 'D:\\lehuynhthuan\\bida_ai_system\\archive\\ban1_1437.mp4'
[2026-07-21 14:38:00] Da dong archive phut: 1437
[2026-07-21 14:38:00] Mo archive moi: D:\lehuynhthuan\bida_ai_system\archive\ban1_1438.mp4
[2026-07-21 14:38:00] Da xoa archive cu: ban1_1437.mp4
[2026-07-21 14:38:00] Loi xoa archive cu: [WinError 32] The process cannot access the file because it is being used by another process: 'D:\\lehuynhthuan\\bida_ai_system\\archive\\ban1_1438.mp4'
[2026-07-21 14:39:00] Da dong archive phut: 1438
[2026-07-21 14:39:00] Mo archive moi: D:\lehuynhthuan\bida_ai_system\archive\ban1_1439.mp4
[2026-07-21 14:39:00] Da xoa archive cu: ban1_1438.mp4
[2026-07-21 14:39:00] Loi xoa archive cu: [WinError 32] The process cannot access the file because it is being used by another process: 'D:\\lehuynhthuan\\bida_ai_system\\archive\\ban1_1439.mp4'
[2026-07-21 14:40:00] Da dong archive phut: 1439
[2026-07-21 14:40:00] Mo archive moi: D:\lehuynhthuan\bida_ai_system\archive\ban1_1440.mp4
[2026-07-21 14:40:00] Da xoa archive cu: ban1_1439.mp4
[2026-07-21 14:40:00] Loi xoa archive cu: [WinError 32] The process cannot access the file because it is being used by another process: 'D:\\lehuynhthuan\\bida_ai_system\\archive\\ban1_1440.mp4'
[2026-07-21 14:41:00] Da dong archive phut: 1440
[2026-07-21 14:41:00] Mo archive moi: D:\lehuynhthuan\bida_ai_system\archive\ban1_1441.mp4
[2026-07-21 14:41:00] Da xoa archive cu: ban1_1440.mp4
[2026-07-21 14:41:00] Loi xoa archive cu: [WinError 32] The process cannot access the file because it is being used by another process: 'D:\\lehuynhthuan\\bida_ai_system\\archive\\ban1_1441.mp4'
[2026-07-21 14:42:00] Da dong archive phut: 1441
[2026-07-21 14:42:00] Mo archive moi: D:\lehuynhthuan\bida_ai_system\archive\ban1_1442.mp4
[2026-07-21 14:42:00] Da xoa archive cu: ban1_1441.mp4
[2026-07-21 14:42:00] Loi xoa archive cu: [WinError 32] The process cannot access the file because it is being used by another process: 'D:\\lehuynhthuan\\bida_ai_system\\archive\\ban1_1442.mp4'
[2026-07-21 14:43:00] Da dong archive phut: 1442
[2026-07-21 14:43:00] Mo archive moi: D:\lehuynhthuan\bida_ai_system\archive\ban1_1443.mp4
[2026-07-21 14:43:00] Da xoa archive cu: ban1_1442.mp4
[2026-07-21 14:43:00] Loi xoa archive cu: [WinError 32] The process cannot access the file because it is being used by another process: 'D:\\lehuynhthuan\\bida_ai_system\\archive\\ban1_1443.mp4'
[2026-07-21 14:44:00] Da dong archive phut: 1443
[2026-07-21 14:44:00] Mo archive moi: D:\lehuynhthuan\bida_ai_system\archive\ban1_1444.mp4
[2026-07-21 14:44:00] Da xoa archive cu: ban1_1443.mp4
[2026-07-21 14:44:00] Loi xoa archive cu: [WinError 32] The process cannot access the file because it is being used by another process: 'D:\\lehuynhthuan\\bida_ai_system\\archive\\ban1_1444.mp4'
[2026-07-21 14:45:00] Da dong archive phut: 1444
[2026-07-21 14:45:00] Mo archive moi: D:\lehuynhthuan\bida_ai_system\archive\ban1_1445.mp4
[2026-07-21 14:45:00] Da xoa archive cu: ban1_1444.mp4
[2026-07-21 14:45:00] Loi xoa archive cu: [WinError 32] The process cannot access the file because it is being used by another process: 'D:\\lehuynhthuan\\bida_ai_system\\archive\\ban1_1445.mp4'
[2026-07-21 14:46:00] Da dong archive phut: 1445
[2026-07-21 14:46:00] Mo archive moi: D:\lehuynhthuan\bida_ai_system\archive\ban1_1446.mp4
[2026-07-21 14:46:00] Da xoa archive cu: ban1_1445.mp4
[2026-07-21 14:46:00] Loi xoa archive cu: [WinError 32] The process cannot access the file because it is being used by another process: 'D:\\lehuynhthuan\\bida_ai_system\\archive\\ban1_1446.mp4'
[2026-07-21 14:47:00] Da dong archive phut: 1446
[2026-07-21 14:47:00] Mo archive moi: D:\lehuynhthuan\bida_ai_system\archive\ban1_1447.mp4
[2026-07-21 14:47:00] Da xoa archive cu: ban1_1446.mp4
[2026-07-21 14:47:00] Loi xoa archive cu: [WinError 32] The process cannot access the file because it is being used by another process: 'D:\\lehuynhthuan\\bida_ai_system\\archive\\ban1_1447.mp4'
[2026-07-21 14:48:00] Da dong archive phut: 1447
[2026-07-21 14:48:00] Mo archive moi: D:\lehuynhthuan\bida_ai_system\archive\ban1_1448.mp4
[2026-07-21 14:48:00] Da xoa archive cu: ban1_1447.mp4
[2026-07-21 14:48:00] Loi xoa archive cu: [WinError 32] The process cannot access the file because it is being used by another process: 'D:\\lehuynhthuan\\bida_ai_system\\archive\\ban1_1448.mp4'
[2026-07-21 14:49:00] Da dong archive phut: 1448
[2026-07-21 14:49:00] Mo archive moi: D:\lehuynhthuan\bida_ai_system\archive\ban1_1449.mp4
[2026-07-21 14:49:00] Da xoa archive cu: ban1_1448.mp4
[2026-07-21 14:49:00] Loi xoa archive cu: [WinError 32] The process cannot access the file because it is being used by another process: 'D:\\lehuynhthuan\\bida_ai_system\\archive\\ban1_1449.mp4'
[2026-07-21 14:50:00] Da dong archive phut: 1449
[2026-07-21 14:50:00] Mo archive moi: D:\lehuynhthuan\bida_ai_system\archive\ban1_1450.mp4
[2026-07-21 14:50:00] Da xoa archive cu: ban1_1449.mp4
[2026-07-21 14:50:00] Loi xoa archive cu: [WinError 32] The process cannot access the file because it is being used by another process: 'D:\\lehuynhthuan\\bida_ai_system\\archive\\ban1_1450.mp4'
[2026-07-21 14:51:00] Da dong archive phut: 1450
[2026-07-21 14:51:00] Mo archive moi: D:\lehuynhthuan\bida_ai_system\archive\ban1_1451.mp4
[2026-07-21 14:51:00] Da xoa archive cu: ban1_1450.mp4
[2026-07-21 14:51:00] Loi xoa archive cu: [WinError 32] The process cannot access the file because it is being used by another process: 'D:\\lehuynhthuan\\bida_ai_system\\archive\\ban1_1451.mp4'
[2026-07-21 14:52:00] Da dong archive phut: 1451
[2026-07-21 14:52:00] Mo archive moi: D:\lehuynhthuan\bida_ai_system\archive\ban1_1452.mp4
[2026-07-21 14:52:00] Da xoa archive cu: ban1_1451.mp4
[2026-07-21 14:52:00] Loi xoa archive cu: [WinError 32] The process cannot access the file because it is being used by another process: 'D:\\lehuynhthuan\\bida_ai_system\\archive\\ban1_1452.mp4'
[2026-07-21 14:53:00] Da dong archive phut: 1452
[2026-07-21 14:53:00] Mo archive moi: D:\lehuynhthuan\bida_ai_system\archive\ban1_1453.mp4
[2026-07-21 14:53:00] Da xoa archive cu: ban1_1452.mp4
[2026-07-21 14:53:00] Loi xoa archive cu: [WinError 32] The process cannot access the file because it is being used by another process: 'D:\\lehuynhthuan\\bida_ai_system\\archive\\ban1_1453.mp4'
[2026-07-21 14:54:00] Da dong archive phut: 1453
[2026-07-21 14:54:00] Mo archive moi: D:\lehuynhthuan\bida_ai_system\archive\ban1_1454.mp4
[2026-07-21 14:54:00] Da xoa archive cu: ban1_1453.mp4
[2026-07-21 14:54:00] Loi xoa archive cu: [WinError 32] The process cannot access the file because it is being used by another process: 'D:\\lehuynhthuan\\bida_ai_system\\archive\\ban1_1454.mp4'
[2026-07-21 14:55:00] Da dong archive phut: 1454
[2026-07-21 14:55:00] Mo archive moi: D:\lehuynhthuan\bida_ai_system\archive\ban1_1455.mp4
[2026-07-21 14:55:00] Da xoa archive cu: ban1_1454.mp4
[2026-07-21 14:55:00] Loi xoa archive cu: [WinError 32] The process cannot access the file because it is being used by another process: 'D:\\lehuynhthuan\\bida_ai_system\\archive\\ban1_1455.mp4'
[2026-07-21 14:56:00] Da dong archive phut: 1455
[2026-07-21 14:56:00] Mo archive moi: D:\lehuynhthuan\bida_ai_system\archive\ban1_1456.mp4
[2026-07-21 14:56:00] Da xoa archive cu: ban1_1455.mp4
[2026-07-21 14:56:00] Loi xoa archive cu: [WinError 32] The process cannot access the file because it is being used by another process: 'D:\\lehuynhthuan\\bida_ai_system\\archive\\ban1_1456.mp4'
[2026-07-21 14:57:00] Da dong archive phut: 1456
[2026-07-21 14:57:00] Mo archive moi: D:\lehuynhthuan\bida_ai_system\archive\ban1_1457.mp4
[2026-07-21 14:57:00] Da xoa archive cu: ban1_1456.mp4
[2026-07-21 14:57:00] Loi xoa archive cu: [WinError 32] The process cannot access the file because it is being used by another process: 'D:\\lehuynhthuan\\bida_ai_system\\archive\\ban1_1457.mp4'
[2026-07-21 14:58:00] Da dong archive phut: 1457
[2026-07-21 14:58:00] Mo archive moi: D:\lehuynhthuan\bida_ai_system\archive\ban1_1458.mp4
[2026-07-21 14:58:00] Da xoa archive cu: ban1_1457.mp4
[2026-07-21 14:58:00] Loi xoa archive cu: [WinError 32] The process cannot access the file because it is being used by another process: 'D:\\lehuynhthuan\\bida_ai_system\\archive\\ban1_1458.mp4'
[2026-07-21 14:59:00] Da dong archive phut: 1458
[2026-07-21 14:59:00] Mo archive moi: D:\lehuynhthuan\bida_ai_system\archive\ban1_1459.mp4
[2026-07-21 14:59:00] Da xoa archive cu: ban1_1458.mp4
[2026-07-21 14:59:00] Loi xoa archive cu: [WinError 32] The process cannot access the file because it is being used by another process: 'D:\\lehuynhthuan\\bida_ai_system\\archive\\ban1_1459.mp4'
[2026-07-21 15:00:00] Da dong archive phut: 1459
[2026-07-21 15:00:00] Mo archive moi: D:\lehuynhthuan\bida_ai_system\archive\ban1_1500.mp4
[2026-07-21 15:00:00] Da xoa archive cu: ban1_1459.mp4
[2026-07-21 15:00:00] Loi xoa archive cu: [WinError 32] The process cannot access the file because it is being used by another process: 'D:\\lehuynhthuan\\bida_ai_system\\archive\\ban1_1500.mp4'
[2026-07-21 15:01:00] Da dong archive phut: 1500
[2026-07-21 15:01:00] Mo archive moi: D:\lehuynhthuan\bida_ai_system\archive\ban1_1501.mp4
[2026-07-21 15:01:00] Da xoa archive cu: ban1_1500.mp4
[2026-07-21 15:01:00] Loi xoa archive cu: [WinError 32] The process cannot access the file because it is being used by another process: 'D:\\lehuynhthuan\\bida_ai_system\\archive\\ban1_1501.mp4'
[2026-07-21 15:02:00] Da dong archive phut: 1501
[2026-07-21 15:02:00] Mo archive moi: D:\lehuynhthuan\bida_ai_system\archive\ban1_1502.mp4
[2026-07-21 15:02:00] Da xoa archive cu: ban1_1501.mp4
[2026-07-21 15:02:00] Loi xoa archive cu: [WinError 32] The process cannot access the file because it is being used by another process: 'D:\\lehuynhthuan\\bida_ai_system\\archive\\ban1_1502.mp4'
[2026-07-21 15:03:00] Da dong archive phut: 1502
[2026-07-21 15:03:00] Mo archive moi: D:\lehuynhthuan\bida_ai_system\archive\ban1_1503.mp4
[2026-07-21 15:03:00] Da xoa archive cu: ban1_1502.mp4
[2026-07-21 15:03:00] Loi xoa archive cu: [WinError 32] The process cannot access the file because it is being used by another process: 'D:\\lehuynhthuan\\bida_ai_system\\archive\\ban1_1503.mp4'
[2026-07-21 15:04:00] Da dong archive phut: 1503
[2026-07-21 15:04:00] Mo archive moi: D:\lehuynhthuan\bida_ai_system\archive\ban1_1504.mp4
[2026-07-21 15:04:00] Da xoa archive cu: ban1_1503.mp4
[2026-07-21 15:04:00] Loi xoa archive cu: [WinError 32] The process cannot access the file because it is being used by another process: 'D:\\lehuynhthuan\\bida_ai_system\\archive\\ban1_1504.mp4'
[2026-07-21 15:05:00] Da dong archive phut: 1504
[2026-07-21 15:05:00] Mo archive moi: D:\lehuynhthuan\bida_ai_system\archive\ban1_1505.mp4
[2026-07-21 15:05:00] Da xoa archive cu: ban1_1504.mp4
[2026-07-21 15:05:00] Loi xoa archive cu: [WinError 32] The process cannot access the file because it is being used by another process: 'D:\\lehuynhthuan\\bida_ai_system\\archive\\ban1_1505.mp4'
[2026-07-21 15:06:00] Da dong archive phut: 1505
[2026-07-21 15:06:00] Mo archive moi: D:\lehuynhthuan\bida_ai_system\archive\ban1_1506.mp4
[2026-07-21 15:06:00] Da xoa archive cu: ban1_1505.mp4
[2026-07-21 15:06:00] Loi xoa archive cu: [WinError 32] The process cannot access the file because it is being used by another process: 'D:\\lehuynhthuan\\bida_ai_system\\archive\\ban1_1506.mp4'
[2026-07-21 15:07:00] Da dong archive phut: 1506
[2026-07-21 15:07:00] Mo archive moi: D:\lehuynhthuan\bida_ai_system\archive\ban1_1507.mp4
[2026-07-21 15:07:00] Da xoa archive cu: ban1_1506.mp4
[2026-07-21 15:07:00] Loi xoa archive cu: [WinError 32] The process cannot access the file because it is being used by another process: 'D:\\lehuynhthuan\\bida_ai_system\\archive\\ban1_1507.mp4'
[2026-07-21 15:08:00] Da dong archive phut: 1507
[2026-07-21 15:08:00] Mo archive moi: D:\lehuynhthuan\bida_ai_system\archive\ban1_1508.mp4
[2026-07-21 15:08:00] Da xoa archive cu: ban1_1507.mp4
[2026-07-21 15:08:00] Loi xoa archive cu: [WinError 32] The process cannot access the file because it is being used by another process: 'D:\\lehuynhthuan\\bida_ai_system\\archive\\ban1_1508.mp4'
[2026-07-21 15:09:00] Da dong archive phut: 1508
[2026-07-21 15:09:00] Mo archive moi: D:\lehuynhthuan\bida_ai_system\archive\ban1_1509.mp4
[2026-07-21 15:09:00] Da xoa archive cu: ban1_1508.mp4
[2026-07-21 15:09:00] Loi xoa archive cu: [WinError 32] The process cannot access the file because it is being used by another process: 'D:\\lehuynhthuan\\bida_ai_system\\archive\\ban1_1509.mp4'
[2026-07-21 15:10:00] Da dong archive phut: 1509
[2026-07-21 15:10:00] Mo archive moi: D:\lehuynhthuan\bida_ai_system\archive\ban1_1510.mp4
[2026-07-21 15:10:00] Da xoa archive cu: ban1_1509.mp4
[2026-07-21 15:10:00] Loi xoa archive cu: [WinError 32] The process cannot access the file because it is being used by another process: 'D:\\lehuynhthuan\\bida_ai_system\\archive\\ban1_1510.mp4'
[2026-07-21 15:11:00] Da dong archive phut: 1510
[2026-07-21 15:11:00] Mo archive moi: D:\lehuynhthuan\bida_ai_system\archive\ban1_1511.mp4
[2026-07-21 15:11:00] Da xoa archive cu: ban1_1510.mp4
[2026-07-21 15:11:00] Loi xoa archive cu: [WinError 32] The process cannot access the file because it is being used by another process: 'D:\\lehuynhthuan\\bida_ai_system\\archive\\ban1_1511.mp4'
[2026-07-21 15:12:00] Da dong archive phut: 1511
[2026-07-21 15:12:00] Mo archive moi: D:\lehuynhthuan\bida_ai_system\archive\ban1_1512.mp4
[2026-07-21 15:12:00] Da xoa archive cu: ban1_1511.mp4
[2026-07-21 15:12:00] Loi xoa archive cu: [WinError 32] The process cannot access the file because it is being used by another process: 'D:\\lehuynhthuan\\bida_ai_system\\archive\\ban1_1512.mp4'
[2026-07-21 15:13:00] Da dong archive phut: 1512
[2026-07-21 15:13:00] Mo archive moi: D:\lehuynhthuan\bida_ai_system\archive\ban1_1513.mp4
[2026-07-21 15:13:00] Da xoa archive cu: ban1_1512.mp4
[2026-07-21 15:13:00] Loi xoa archive cu: [WinError 32] The process cannot access the file because it is being used by another process: 'D:\\lehuynhthuan\\bida_ai_system\\archive\\ban1_1513.mp4'
[2026-07-21 15:14:00] Da dong archive phut: 1513
[2026-07-21 15:14:00] Mo archive moi: D:\lehuynhthuan\bida_ai_system\archive\ban1_1514.mp4
[2026-07-21 15:14:00] Da xoa archive cu: ban1_1513.mp4
[2026-07-21 15:14:00] Loi xoa archive cu: [WinError 32] The process cannot access the file because it is being used by another process: 'D:\\lehuynhthuan\\bida_ai_system\\archive\\ban1_1514.mp4'
[2026-07-21 15:15:00] Da dong archive phut: 1514
[2026-07-21 15:15:00] Mo archive moi: D:\lehuynhthuan\bida_ai_system\archive\ban1_1515.mp4
[2026-07-21 15:15:00] Da xoa archive cu: ban1_1514.mp4
[2026-07-21 15:15:00] Loi xoa archive cu: [WinError 32] The process cannot access the file because it is being used by another process: 'D:\\lehuynhthuan\\bida_ai_system\\archive\\ban1_1515.mp4'
[2026-07-21 15:16:00] Da dong archive phut: 1515
[2026-07-21 15:16:00] Mo archive moi: D:\lehuynhthuan\bida_ai_system\archive\ban1_1516.mp4
[2026-07-21 15:16:00] Da xoa archive cu: ban1_1515.mp4
[2026-07-21 15:16:00] Loi xoa archive cu: [WinError 32] The process cannot access the file because it is being used by another process: 'D:\\lehuynhthuan\\bida_ai_system\\archive\\ban1_1516.mp4'
[2026-07-21 15:17:00] Da dong archive phut: 1516
[2026-07-21 15:17:00] Mo archive moi: D:\lehuynhthuan\bida_ai_system\archive\ban1_1517.mp4
[2026-07-21 15:17:00] Da xoa archive cu: ban1_1516.mp4
[2026-07-21 15:17:00] Loi xoa archive cu: [WinError 32] The process cannot access the file because it is being used by another process: 'D:\\lehuynhthuan\\bida_ai_system\\archive\\ban1_1517.mp4'
[2026-07-21 15:18:00] Da dong archive phut: 1517
[2026-07-21 15:18:00] Mo archive moi: D:\lehuynhthuan\bida_ai_system\archive\ban1_1518.mp4
[2026-07-21 15:18:00] Da xoa archive cu: ban1_1517.mp4
[2026-07-21 15:18:00] Loi xoa archive cu: [WinError 32] The process cannot access the file because it is being used by another process: 'D:\\lehuynhthuan\\bida_ai_system\\archive\\ban1_1518.mp4'
[2026-07-21 15:19:00] Da dong archive phut: 1518
[2026-07-21 15:19:00] Mo archive moi: D:\lehuynhthuan\bida_ai_system\archive\ban1_1519.mp4
[2026-07-21 15:19:00] Da xoa archive cu: ban1_1518.mp4
[2026-07-21 15:19:00] Loi xoa archive cu: [WinError 32] The process cannot access the file because it is being used by another process: 'D:\\lehuynhthuan\\bida_ai_system\\archive\\ban1_1519.mp4'
[2026-07-21 15:20:00] Da dong archive phut: 1519
[2026-07-21 15:20:00] Mo archive moi: D:\lehuynhthuan\bida_ai_system\archive\ban1_1520.mp4
[2026-07-21 15:20:00] Da xoa archive cu: ban1_1519.mp4
[2026-07-21 15:20:00] Loi xoa archive cu: [WinError 32] The process cannot access the file because it is being used by another process: 'D:\\lehuynhthuan\\bida_ai_system\\archive\\ban1_1520.mp4'
[2026-07-21 15:21:00] Da dong archive phut: 1520
[2026-07-21 15:21:00] Mo archive moi: D:\lehuynhthuan\bida_ai_system\archive\ban1_1521.mp4
[2026-07-21 15:21:00] Da xoa archive cu: ban1_1520.mp4
[2026-07-21 15:21:00] Loi xoa archive cu: [WinError 32] The process cannot access the file because it is being used by another process: 'D:\\lehuynhthuan\\bida_ai_system\\archive\\ban1_1521.mp4'
[2026-07-21 15:22:00] Da dong archive phut: 1521
[2026-07-21 15:22:00] Mo archive moi: D:\lehuynhthuan\bida_ai_system\archive\ban1_1522.mp4
[2026-07-21 15:22:00] Da xoa archive cu: ban1_1521.mp4
[2026-07-21 15:22:00] Loi xoa archive cu: [WinError 32] The process cannot access the file because it is being used by another process: 'D:\\lehuynhthuan\\bida_ai_system\\archive\\ban1_1522.mp4'
[2026-07-21 15:23:00] Da dong archive phut: 1522
[2026-07-21 15:23:00] Mo archive moi: D:\lehuynhthuan\bida_ai_system\archive\ban1_1523.mp4
[2026-07-21 15:23:00] Da xoa archive cu: ban1_1522.mp4
[2026-07-21 15:23:00] Loi xoa archive cu: [WinError 32] The process cannot access the file because it is being used by another process: 'D:\\lehuynhthuan\\bida_ai_system\\archive\\ban1_1523.mp4'
[2026-07-21 15:24:00] Da dong archive phut: 1523
[2026-07-21 15:24:00] Mo archive moi: D:\lehuynhthuan\bida_ai_system\archive\ban1_1524.mp4
[2026-07-21 15:24:00] Da xoa archive cu: ban1_1523.mp4
[2026-07-21 15:24:00] Loi xoa archive cu: [WinError 32] The process cannot access the file because it is being used by another process: 'D:\\lehuynhthuan\\bida_ai_system\\archive\\ban1_1524.mp4'
[2026-07-21 15:25:00] Da dong archive phut: 1524
[2026-07-21 15:25:00] Mo archive moi: D:\lehuynhthuan\bida_ai_system\archive\ban1_1525.mp4
[2026-07-21 15:25:00] Da xoa archive cu: ban1_1524.mp4
[2026-07-21 15:25:00] Loi xoa archive cu: [WinError 32] The process cannot access the file because it is being used by another process: 'D:\\lehuynhthuan\\bida_ai_system\\archive\\ban1_1525.mp4'
[2026-07-21 15:26:00] Da dong archive phut: 1525
[2026-07-21 15:26:00] Mo archive moi: D:\lehuynhthuan\bida_ai_system\archive\ban1_1526.mp4
[2026-07-21 15:26:00] Da xoa archive cu: ban1_1525.mp4
[2026-07-21 15:26:00] Loi xoa archive cu: [WinError 32] The process cannot access the file because it is being used by another process: 'D:\\lehuynhthuan\\bida_ai_system\\archive\\ban1_1526.mp4'
[2026-07-21 15:27:00] Da dong archive phut: 1526
[2026-07-21 15:27:00] Mo archive moi: D:\lehuynhthuan\bida_ai_system\archive\ban1_1527.mp4
[2026-07-21 15:27:00] Da xoa archive cu: ban1_1526.mp4
[2026-07-21 15:27:00] Loi xoa archive cu: [WinError 32] The process cannot access the file because it is being used by another process: 'D:\\lehuynhthuan\\bida_ai_system\\archive\\ban1_1527.mp4'
[2026-07-21 15:28:00] Da dong archive phut: 1527
[2026-07-21 15:28:00] Mo archive moi: D:\lehuynhthuan\bida_ai_system\archive\ban1_1528.mp4
[2026-07-21 15:28:00] Da xoa archive cu: ban1_1527.mp4
[2026-07-21 15:28:00] Loi xoa archive cu: [WinError 32] The process cannot access the file because it is being used by another process: 'D:\\lehuynhthuan\\bida_ai_system\\archive\\ban1_1528.mp4'
[2026-07-21 15:29:00] Da dong archive phut: 1528
[2026-07-21 15:29:00] Mo archive moi: D:\lehuynhthuan\bida_ai_system\archive\ban1_1529.mp4
[2026-07-21 15:29:00] Da xoa archive cu: ban1_1528.mp4
[2026-07-21 15:29:00] Loi xoa archive cu: [WinError 32] The process cannot access the file because it is being used by another process: 'D:\\lehuynhthuan\\bida_ai_system\\archive\\ban1_1529.mp4'
[2026-07-21 15:30:00] Da dong archive phut: 1529
[2026-07-21 15:30:00] Mo archive moi: D:\lehuynhthuan\bida_ai_system\archive\ban1_1530.mp4
[2026-07-21 15:30:00] Da xoa archive cu: ban1_1529.mp4
[2026-07-21 15:30:00] Loi xoa archive cu: [WinError 32] The process cannot access the file because it is being used by another process: 'D:\\lehuynhthuan\\bida_ai_system\\archive\\ban1_1530.mp4'
[2026-07-21 15:31:00] Da dong archive phut: 1530
[2026-07-21 15:31:00] Mo archive moi: D:\lehuynhthuan\bida_ai_system\archive\ban1_1531.mp4
[2026-07-21 15:31:00] Da xoa archive cu: ban1_1530.mp4
[2026-07-21 15:31:00] Loi xoa archive cu: [WinError 32] The process cannot access the file because it is being used by another process: 'D:\\lehuynhthuan\\bida_ai_system\\archive\\ban1_1531.mp4'
[2026-07-21 15:32:00] Da dong archive phut: 1531
[2026-07-21 15:32:00] Mo archive moi: D:\lehuynhthuan\bida_ai_system\archive\ban1_1532.mp4
[2026-07-21 15:32:00] Da xoa archive cu: ban1_1531.mp4
[2026-07-21 15:32:00] Loi xoa archive cu: [WinError 32] The process cannot access the file because it is being used by another process: 'D:\\lehuynhthuan\\bida_ai_system\\archive\\ban1_1532.mp4'
[2026-07-21 15:33:00] Da dong archive phut: 1532
[2026-07-21 15:33:00] Mo archive moi: D:\lehuynhthuan\bida_ai_system\archive\ban1_1533.mp4
[2026-07-21 15:33:00] Da xoa archive cu: ban1_1532.mp4
[2026-07-21 15:33:00] Loi xoa archive cu: [WinError 32] The process cannot access the file because it is being used by another process: 'D:\\lehuynhthuan\\bida_ai_system\\archive\\ban1_1533.mp4'
[2026-07-21 15:34:00] Da dong archive phut: 1533
[2026-07-21 15:34:00] Mo archive moi: D:\lehuynhthuan\bida_ai_system\archive\ban1_1534.mp4
[2026-07-21 15:34:00] Da xoa archive cu: ban1_1533.mp4
[2026-07-21 15:34:00] Loi xoa archive cu: [WinError 32] The process cannot access the file because it is being used by another process: 'D:\\lehuynhthuan\\bida_ai_system\\archive\\ban1_1534.mp4'
[2026-07-21 15:35:00] Da dong archive phut: 1534
[2026-07-21 15:35:00] Mo archive moi: D:\lehuynhthuan\bida_ai_system\archive\ban1_1535.mp4
[2026-07-21 15:35:00] Da xoa archive cu: ban1_1534.mp4
[2026-07-21 15:35:00] Loi xoa archive cu: [WinError 32] The process cannot access the file because it is being used by another process: 'D:\\lehuynhthuan\\bida_ai_system\\archive\\ban1_1535.mp4'
[2026-07-21 15:36:00] Da dong archive phut: 1535
[2026-07-21 15:36:00] Mo archive moi: D:\lehuynhthuan\bida_ai_system\archive\ban1_1536.mp4
[2026-07-21 15:36:00] Da xoa archive cu: ban1_1535.mp4
[2026-07-21 15:36:00] Loi xoa archive cu: [WinError 32] The process cannot access the file because it is being used by another process: 'D:\\lehuynhthuan\\bida_ai_system\\archive\\ban1_1536.mp4'
[2026-07-21 15:37:00] Da dong archive phut: 1536
[2026-07-21 15:37:00] Mo archive moi: D:\lehuynhthuan\bida_ai_system\archive\ban1_1537.mp4
[2026-07-21 15:37:00] Da xoa archive cu: ban1_1536.mp4
[2026-07-21 15:37:00] Loi xoa archive cu: [WinError 32] The process cannot access the file because it is being used by another process: 'D:\\lehuynhthuan\\bida_ai_system\\archive\\ban1_1537.mp4'
[2026-07-21 15:38:00] Da dong archive phut: 1537
[2026-07-21 15:38:00] Mo archive moi: D:\lehuynhthuan\bida_ai_system\archive\ban1_1538.mp4
[2026-07-21 15:38:00] Da xoa archive cu: ban1_1537.mp4
[2026-07-21 15:38:00] Loi xoa archive cu: [WinError 32] The process cannot access the file because it is being used by another process: 'D:\\lehuynhthuan\\bida_ai_system\\archive\\ban1_1538.mp4'
[2026-07-21 15:39:00] Da dong archive phut: 1538
[2026-07-21 15:39:00] Mo archive moi: D:\lehuynhthuan\bida_ai_system\archive\ban1_1539.mp4
[2026-07-21 15:39:00] Da xoa archive cu: ban1_1538.mp4
[2026-07-21 15:39:00] Loi xoa archive cu: [WinError 32] The process cannot access the file because it is being used by another process: 'D:\\lehuynhthuan\\bida_ai_system\\archive\\ban1_1539.mp4'
[2026-07-21 15:40:00] Da dong archive phut: 1539
[2026-07-21 15:40:00] Mo archive moi: D:\lehuynhthuan\bida_ai_system\archive\ban1_1540.mp4
[2026-07-21 15:40:00] Da xoa archive cu: ban1_1539.mp4
[2026-07-21 15:40:00] Loi xoa archive cu: [WinError 32] The process cannot access the file because it is being used by another process: 'D:\\lehuynhthuan\\bida_ai_system\\archive\\ban1_1540.mp4'
[2026-07-21 15:41:00] Da dong archive phut: 1540
[2026-07-21 15:41:00] Mo archive moi: D:\lehuynhthuan\bida_ai_system\archive\ban1_1541.mp4
[2026-07-21 15:41:00] Da xoa archive cu: ban1_1540.mp4
[2026-07-21 15:41:00] Loi xoa archive cu: [WinError 32] The process cannot access the file because it is being used by another process: 'D:\\lehuynhthuan\\bida_ai_system\\archive\\ban1_1541.mp4'
[2026-07-21 15:42:00] Da dong archive phut: 1541
[2026-07-21 15:42:00] Mo archive moi: D:\lehuynhthuan\bida_ai_system\archive\ban1_1542.mp4
[2026-07-21 15:42:00] Da xoa archive cu: ban1_1541.mp4
[2026-07-21 15:42:00] Loi xoa archive cu: [WinError 32] The process cannot access the file because it is being used by another process: 'D:\\lehuynhthuan\\bida_ai_system\\archive\\ban1_1542.mp4'
[2026-07-21 15:43:00] Da dong archive phut: 1542
[2026-07-21 15:43:00] Mo archive moi: D:\lehuynhthuan\bida_ai_system\archive\ban1_1543.mp4
[2026-07-21 15:43:00] Da xoa archive cu: ban1_1542.mp4
[2026-07-21 15:43:00] Loi xoa archive cu: [WinError 32] The process cannot access the file because it is being used by another process: 'D:\\lehuynhthuan\\bida_ai_system\\archive\\ban1_1543.mp4'
[2026-07-21 15:44:00] Da dong archive phut: 1543
[2026-07-21 15:44:00] Mo archive moi: D:\lehuynhthuan\bida_ai_system\archive\ban1_1544.mp4
[2026-07-21 15:44:00] Da xoa archive cu: ban1_1543.mp4
[2026-07-21 15:44:00] Loi xoa archive cu: [WinError 32] The process cannot access the file because it is being used by another process: 'D:\\lehuynhthuan\\bida_ai_system\\archive\\ban1_1544.mp4'
[2026-07-21 15:45:00] Da dong archive phut: 1544
[2026-07-21 15:45:00] Mo archive moi: D:\lehuynhthuan\bida_ai_system\archive\ban1_1545.mp4
[2026-07-21 15:45:00] Da xoa archive cu: ban1_1544.mp4
[2026-07-21 15:45:00] Loi xoa archive cu: [WinError 32] The process cannot access the file because it is being used by another process: 'D:\\lehuynhthuan\\bida_ai_system\\archive\\ban1_1545.mp4'
[2026-07-21 15:46:00] Da dong archive phut: 1545
[2026-07-21 15:46:00] Mo archive moi: D:\lehuynhthuan\bida_ai_system\archive\ban1_1546.mp4
[2026-07-21 15:46:00] Da xoa archive cu: ban1_1545.mp4
[2026-07-21 15:46:00] Loi xoa archive cu: [WinError 32] The process cannot access the file because it is being used by another process: 'D:\\lehuynhthuan\\bida_ai_system\\archive\\ban1_1546.mp4'
[2026-07-21 15:47:00] Da dong archive phut: 1546
[2026-07-21 15:47:00] Mo archive moi: D:\lehuynhthuan\bida_ai_system\archive\ban1_1547.mp4
[2026-07-21 15:47:00] Da xoa archive cu: ban1_1546.mp4
[2026-07-21 15:47:00] Loi xoa archive cu: [WinError 32] The process cannot access the file because it is being used by another process: 'D:\\lehuynhthuan\\bida_ai_system\\archive\\ban1_1547.mp4'
[2026-07-21 15:48:00] Da dong archive phut: 1547
[2026-07-21 15:48:00] Mo archive moi: D:\lehuynhthuan\bida_ai_system\archive\ban1_1548.mp4
[2026-07-21 15:48:00] Da xoa archive cu: ban1_1547.mp4
[2026-07-21 15:48:00] Loi xoa archive cu: [WinError 32] The process cannot access the file because it is being used by another process: 'D:\\lehuynhthuan\\bida_ai_system\\archive\\ban1_1548.mp4'
[2026-07-21 15:49:00] Da dong archive phut: 1548
[2026-07-21 15:49:00] Mo archive moi: D:\lehuynhthuan\bida_ai_system\archive\ban1_1549.mp4
[2026-07-21 15:49:00] Da xoa archive cu: ban1_1548.mp4
[2026-07-21 15:49:00] Loi xoa archive cu: [WinError 32] The process cannot access the file because it is being used by another process: 'D:\\lehuynhthuan\\bida_ai_system\\archive\\ban1_1549.mp4'
[2026-07-21 15:50:00] Da dong archive phut: 1549
[2026-07-21 15:50:00] Mo archive moi: D:\lehuynhthuan\bida_ai_system\archive\ban1_1550.mp4
[2026-07-21 15:50:00] Da xoa archive cu: ban1_1549.mp4
[2026-07-21 15:50:00] Loi xoa archive cu: [WinError 32] The process cannot access the file because it is being used by another process: 'D:\\lehuynhthuan\\bida_ai_system\\archive\\ban1_1550.mp4'
[2026-07-21 15:51:00] Da dong archive phut: 1550
[2026-07-21 15:51:00] Mo archive moi: D:\lehuynhthuan\bida_ai_system\archive\ban1_1551.mp4
[2026-07-21 15:51:00] Da xoa archive cu: ban1_1550.mp4
[2026-07-21 15:51:00] Loi xoa archive cu: [WinError 32] The process cannot access the file because it is being used by another process: 'D:\\lehuynhthuan\\bida_ai_system\\archive\\ban1_1551.mp4'
[2026-07-21 15:52:00] Da dong archive phut: 1551
[2026-07-21 15:52:00] Mo archive moi: D:\lehuynhthuan\bida_ai_system\archive\ban1_1552.mp4
[2026-07-21 15:52:00] Da xoa archive cu: ban1_1551.mp4
[2026-07-21 15:52:00] Loi xoa archive cu: [WinError 32] The process cannot access the file because it is being used by another process: 'D:\\lehuynhthuan\\bida_ai_system\\archive\\ban1_1552.mp4'
[2026-07-21 15:53:00] Da dong archive phut: 1552
[2026-07-21 15:53:00] Mo archive moi: D:\lehuynhthuan\bida_ai_system\archive\ban1_1553.mp4
[2026-07-21 15:53:00] Da xoa archive cu: ban1_1552.mp4
[2026-07-21 15:53:00] Loi xoa archive cu: [WinError 32] The process cannot access the file because it is being used by another process: 'D:\\lehuynhthuan\\bida_ai_system\\archive\\ban1_1553.mp4'
[2026-07-21 15:54:00] Da dong archive phut: 1553
[2026-07-21 15:54:00] Mo archive moi: D:\lehuynhthuan\bida_ai_system\archive\ban1_1554.mp4
[2026-07-21 15:54:00] Da xoa archive cu: ban1_1553.mp4
[2026-07-21 15:54:00] Loi xoa archive cu: [WinError 32] The process cannot access the file because it is being used by another process: 'D:\\lehuynhthuan\\bida_ai_system\\archive\\ban1_1554.mp4'
[2026-07-21 15:55:00] Da dong archive phut: 1554
[2026-07-21 15:55:00] Mo archive moi: D:\lehuynhthuan\bida_ai_system\archive\ban1_1555.mp4
[2026-07-21 15:55:00] Da xoa archive cu: ban1_1554.mp4
[2026-07-21 15:55:00] Loi xoa archive cu: [WinError 32] The process cannot access the file because it is being used by another process: 'D:\\lehuynhthuan\\bida_ai_system\\archive\\ban1_1555.mp4'
[2026-07-21 15:56:00] Da dong archive phut: 1555
[2026-07-21 15:56:00] Mo archive moi: D:\lehuynhthuan\bida_ai_system\archive\ban1_1556.mp4
[2026-07-21 15:56:00] Da xoa archive cu: ban1_1555.mp4
[2026-07-21 15:56:00] Loi xoa archive cu: [WinError 32] The process cannot access the file because it is being used by another process: 'D:\\lehuynhthuan\\bida_ai_system\\archive\\ban1_1556.mp4'
[2026-07-21 15:57:00] Da dong archive phut: 1556
[2026-07-21 15:57:00] Mo archive moi: D:\lehuynhthuan\bida_ai_system\archive\ban1_1557.mp4
[2026-07-21 15:57:00] Da xoa archive cu: ban1_1556.mp4
[2026-07-21 15:57:00] Loi xoa archive cu: [WinError 32] The process cannot access the file because it is being used by another process: 'D:\\lehuynhthuan\\bida_ai_system\\archive\\ban1_1557.mp4'
[2026-07-21 15:58:00] Da dong archive phut: 1557
[2026-07-21 15:58:00] Mo archive moi: D:\lehuynhthuan\bida_ai_system\archive\ban1_1558.mp4
[2026-07-21 15:58:00] Da xoa archive cu: ban1_1557.mp4
[2026-07-21 15:58:00] Loi xoa archive cu: [WinError 32] The process cannot access the file because it is being used by another process: 'D:\\lehuynhthuan\\bida_ai_system\\archive\\ban1_1558.mp4'
[2026-07-21 15:59:00] Da dong archive phut: 1558
[2026-07-21 15:59:00] Mo archive moi: D:\lehuynhthuan\bida_ai_system\archive\ban1_1559.mp4
[2026-07-21 15:59:00] Da xoa archive cu: ban1_1558.mp4
[2026-07-21 15:59:00] Loi xoa archive cu: [WinError 32] The process cannot access the file because it is being used by another process: 'D:\\lehuynhthuan\\bida_ai_system\\archive\\ban1_1559.mp4'
[2026-07-21 16:00:00] Da dong archive phut: 1559
[2026-07-21 16:00:00] Mo archive moi: D:\lehuynhthuan\bida_ai_system\archive\ban1_1600.mp4
[2026-07-21 16:00:00] Da xoa archive cu: ban1_1559.mp4
[2026-07-21 16:00:00] Loi xoa archive cu: [WinError 32] The process cannot access the file because it is being used by another process: 'D:\\lehuynhthuan\\bida_ai_system\\archive\\ban1_1600.mp4'
[2026-07-21 16:01:00] Da dong archive phut: 1600
[2026-07-21 16:01:00] Mo archive moi: D:\lehuynhthuan\bida_ai_system\archive\ban1_1601.mp4
[2026-07-21 16:01:00] Da xoa archive cu: ban1_1600.mp4
[2026-07-21 16:01:00] Loi xoa archive cu: [WinError 32] The process cannot access the file because it is being used by another process: 'D:\\lehuynhthuan\\bida_ai_system\\archive\\ban1_1601.mp4'
[2026-07-21 16:02:00] Da dong archive phut: 1601
[2026-07-21 16:02:00] Mo archive moi: D:\lehuynhthuan\bida_ai_system\archive\ban1_1602.mp4
[2026-07-21 16:02:00] Da xoa archive cu: ban1_1601.mp4
[2026-07-21 16:02:00] Loi xoa archive cu: [WinError 32] The process cannot access the file because it is being used by another process: 'D:\\lehuynhthuan\\bida_ai_system\\archive\\ban1_1602.mp4'
[2026-07-21 16:03:00] Da dong archive phut: 1602
[2026-07-21 16:03:00] Mo archive moi: D:\lehuynhthuan\bida_ai_system\archive\ban1_1603.mp4
[2026-07-21 16:03:00] Da xoa archive cu: ban1_1602.mp4
[2026-07-21 16:03:00] Loi xoa archive cu: [WinError 32] The process cannot access the file because it is being used by another process: 'D:\\lehuynhthuan\\bida_ai_system\\archive\\ban1_1603.mp4'
[2026-07-21 16:04:00] Da dong archive phut: 1603
[2026-07-21 16:04:00] Mo archive moi: D:\lehuynhthuan\bida_ai_system\archive\ban1_1604.mp4
[2026-07-21 16:04:00] Da xoa archive cu: ban1_1603.mp4
[2026-07-21 16:04:00] Loi xoa archive cu: [WinError 32] The process cannot access the file because it is being used by another process: 'D:\\lehuynhthuan\\bida_ai_system\\archive\\ban1_1604.mp4'
[2026-07-21 16:05:00] Da dong archive phut: 1604
[2026-07-21 16:05:00] Mo archive moi: D:\lehuynhthuan\bida_ai_system\archive\ban1_1605.mp4
[2026-07-21 16:05:00] Da xoa archive cu: ban1_1604.mp4
[2026-07-21 16:05:00] Loi xoa archive cu: [WinError 32] The process cannot access the file because it is being used by another process: 'D:\\lehuynhthuan\\bida_ai_system\\archive\\ban1_1605.mp4'
[2026-07-21 16:06:00] Da dong archive phut: 1605
[2026-07-21 16:06:00] Mo archive moi: D:\lehuynhthuan\bida_ai_system\archive\ban1_1606.mp4
[2026-07-21 16:06:00] Da xoa archive cu: ban1_1605.mp4
[2026-07-21 16:06:00] Loi xoa archive cu: [WinError 32] The process cannot access the file because it is being used by another process: 'D:\\lehuynhthuan\\bida_ai_system\\archive\\ban1_1606.mp4'
[2026-07-21 16:07:00] Da dong archive phut: 1606
[2026-07-21 16:07:00] Mo archive moi: D:\lehuynhthuan\bida_ai_system\archive\ban1_1607.mp4
[2026-07-21 16:07:00] Da xoa archive cu: ban1_1606.mp4
[2026-07-21 16:07:00] Loi xoa archive cu: [WinError 32] The process cannot access the file because it is being used by another process: 'D:\\lehuynhthuan\\bida_ai_system\\archive\\ban1_1607.mp4'
[2026-07-21 16:08:00] Da dong archive phut: 1607
[2026-07-21 16:08:00] Mo archive moi: D:\lehuynhthuan\bida_ai_system\archive\ban1_1608.mp4
[2026-07-21 16:08:00] Da xoa archive cu: ban1_1607.mp4
[2026-07-21 16:08:00] Loi xoa archive cu: [WinError 32] The process cannot access the file because it is being used by another process: 'D:\\lehuynhthuan\\bida_ai_system\\archive\\ban1_1608.mp4'
[2026-07-21 16:09:00] Da dong archive phut: 1608
[2026-07-21 16:09:00] Mo archive moi: D:\lehuynhthuan\bida_ai_system\archive\ban1_1609.mp4
[2026-07-21 16:09:00] Da xoa archive cu: ban1_1608.mp4
[2026-07-21 16:09:00] Loi xoa archive cu: [WinError 32] The process cannot access the file because it is being used by another process: 'D:\\lehuynhthuan\\bida_ai_system\\archive\\ban1_1609.mp4'
[2026-07-21 16:10:00] Da dong archive phut: 1609
[2026-07-21 16:10:00] Mo archive moi: D:\lehuynhthuan\bida_ai_system\archive\ban1_1610.mp4
[2026-07-21 16:10:00] Da xoa archive cu: ban1_1609.mp4
[2026-07-21 16:10:00] Loi xoa archive cu: [WinError 32] The process cannot access the file because it is being used by another process: 'D:\\lehuynhthuan\\bida_ai_system\\archive\\ban1_1610.mp4'
[2026-07-21 16:11:00] Da dong archive phut: 1610
[2026-07-21 16:11:00] Mo archive moi: D:\lehuynhthuan\bida_ai_system\archive\ban1_1611.mp4
[2026-07-21 16:11:00] Da xoa archive cu: ban1_1610.mp4
[2026-07-21 16:11:00] Loi xoa archive cu: [WinError 32] The process cannot access the file because it is being used by another process: 'D:\\lehuynhthuan\\bida_ai_system\\archive\\ban1_1611.mp4'
[2026-07-21 16:12:00] Da dong archive phut: 1611
[2026-07-21 16:12:00] Mo archive moi: D:\lehuynhthuan\bida_ai_system\archive\ban1_1612.mp4
[2026-07-21 16:12:00] Da xoa archive cu: ban1_1611.mp4
[2026-07-21 16:12:00] Loi xoa archive cu: [WinError 32] The process cannot access the file because it is being used by another process: 'D:\\lehuynhthuan\\bida_ai_system\\archive\\ban1_1612.mp4'
[2026-07-21 16:13:00] Da dong archive phut: 1612
[2026-07-21 16:13:00] Mo archive moi: D:\lehuynhthuan\bida_ai_system\archive\ban1_1613.mp4
[2026-07-21 16:13:00] Da xoa archive cu: ban1_1612.mp4
[2026-07-21 16:13:00] Loi xoa archive cu: [WinError 32] The process cannot access the file because it is being used by another process: 'D:\\lehuynhthuan\\bida_ai_system\\archive\\ban1_1613.mp4'
[2026-07-21 16:14:00] Da dong archive phut: 1613
[2026-07-21 16:14:00] Mo archive moi: D:\lehuynhthuan\bida_ai_system\archive\ban1_1614.mp4
[2026-07-21 16:14:00] Da xoa archive cu: ban1_1613.mp4
[2026-07-21 16:14:00] Loi xoa archive cu: [WinError 32] The process cannot access the file because it is being used by another process: 'D:\\lehuynhthuan\\bida_ai_system\\archive\\ban1_1614.mp4'
[2026-07-21 16:15:00] Da dong archive phut: 1614
[2026-07-21 16:15:00] Mo archive moi: D:\lehuynhthuan\bida_ai_system\archive\ban1_1615.mp4
[2026-07-21 16:15:00] Da xoa archive cu: ban1_1614.mp4
[2026-07-21 16:15:00] Loi xoa archive cu: [WinError 32] The process cannot access the file because it is being used by another process: 'D:\\lehuynhthuan\\bida_ai_system\\archive\\ban1_1615.mp4'
[2026-07-21 16:16:00] Da dong archive phut: 1615
[2026-07-21 16:16:00] Mo archive moi: D:\lehuynhthuan\bida_ai_system\archive\ban1_1616.mp4
[2026-07-21 16:16:00] Da xoa archive cu: ban1_1615.mp4
[2026-07-21 16:16:00] Loi xoa archive cu: [WinError 32] The process cannot access the file because it is being used by another process: 'D:\\lehuynhthuan\\bida_ai_system\\archive\\ban1_1616.mp4'
[2026-07-21 16:17:00] Da dong archive phut: 1616
[2026-07-21 16:17:00] Mo archive moi: D:\lehuynhthuan\bida_ai_system\archive\ban1_1617.mp4
[2026-07-21 16:17:00] Da xoa archive cu: ban1_1616.mp4
[2026-07-21 16:17:00] Loi xoa archive cu: [WinError 32] The process cannot access the file because it is being used by another process: 'D:\\lehuynhthuan\\bida_ai_system\\archive\\ban1_1617.mp4'
[2026-07-21 16:18:00] Da dong archive phut: 1617
[2026-07-21 16:18:00] Mo archive moi: D:\lehuynhthuan\bida_ai_system\archive\ban1_1618.mp4
[2026-07-21 16:18:00] Da xoa archive cu: ban1_1617.mp4
[2026-07-21 16:18:00] Loi xoa archive cu: [WinError 32] The process cannot access the file because it is being used by another process: 'D:\\lehuynhthuan\\bida_ai_system\\archive\\ban1_1618.mp4'
[2026-07-21 16:19:00] Da dong archive phut: 1618
[2026-07-21 16:19:00] Mo archive moi: D:\lehuynhthuan\bida_ai_system\archive\ban1_1619.mp4
[2026-07-21 16:19:00] Da xoa archive cu: ban1_1618.mp4
[2026-07-21 16:19:00] Loi xoa archive cu: [WinError 32] The process cannot access the file because it is being used by another process: 'D:\\lehuynhthuan\\bida_ai_system\\archive\\ban1_1619.mp4'
[2026-07-21 16:20:00] Da dong archive phut: 1619
[2026-07-21 16:20:00] Mo archive moi: D:\lehuynhthuan\bida_ai_system\archive\ban1_1620.mp4
[2026-07-21 16:20:00] Da xoa archive cu: ban1_1619.mp4
[2026-07-21 16:20:00] Loi xoa archive cu: [WinError 32] The process cannot access the file because it is being used by another process: 'D:\\lehuynhthuan\\bida_ai_system\\archive\\ban1_1620.mp4'
[2026-07-21 16:21:00] Da dong archive phut: 1620
[2026-07-21 16:21:00] Mo archive moi: D:\lehuynhthuan\bida_ai_system\archive\ban1_1621.mp4
[2026-07-21 16:21:00] Da xoa archive cu: ban1_1620.mp4
[2026-07-21 16:21:00] Loi xoa archive cu: [WinError 32] The process cannot access the file because it is being used by another process: 'D:\\lehuynhthuan\\bida_ai_system\\archive\\ban1_1621.mp4'
[2026-07-21 16:22:00] Da dong archive phut: 1621
[2026-07-21 16:22:00] Mo archive moi: D:\lehuynhthuan\bida_ai_system\archive\ban1_1622.mp4
[2026-07-21 16:22:00] Da xoa archive cu: ban1_1621.mp4
[2026-07-21 16:22:00] Loi xoa archive cu: [WinError 32] The process cannot access the file because it is being used by another process: 'D:\\lehuynhthuan\\bida_ai_system\\archive\\ban1_1622.mp4'
[2026-07-21 16:23:00] Da dong archive phut: 1622
[2026-07-21 16:23:00] Mo archive moi: D:\lehuynhthuan\bida_ai_system\archive\ban1_1623.mp4
[2026-07-21 16:23:00] Da xoa archive cu: ban1_1622.mp4
[2026-07-21 16:23:00] Loi xoa archive cu: [WinError 32] The process cannot access the file because it is being used by another process: 'D:\\lehuynhthuan\\bida_ai_system\\archive\\ban1_1623.mp4'
[2026-07-21 16:24:00] Da dong archive phut: 1623
[2026-07-21 16:24:00] Mo archive moi: D:\lehuynhthuan\bida_ai_system\archive\ban1_1624.mp4
[2026-07-21 16:24:00] Da xoa archive cu: ban1_1623.mp4
[2026-07-21 16:24:00] Loi xoa archive cu: [WinError 32] The process cannot access the file because it is being used by another process: 'D:\\lehuynhthuan\\bida_ai_system\\archive\\ban1_1624.mp4'
[2026-07-21 16:25:00] Da dong archive phut: 1624
[2026-07-21 16:25:00] Mo archive moi: D:\lehuynhthuan\bida_ai_system\archive\ban1_1625.mp4
[2026-07-21 16:25:00] Da xoa archive cu: ban1_1624.mp4
[2026-07-21 16:25:00] Loi xoa archive cu: [WinError 32] The process cannot access the file because it is being used by another process: 'D:\\lehuynhthuan\\bida_ai_system\\archive\\ban1_1625.mp4'
